{"0": {"BFMT": {"curvature": 4.83552635031048, "path_length": 137.354541757451, "smoothness": 526.387863503141, "planning_time": 1.038424524}, "CForest": {"curvature": 0.333333333484507, "path_length": 130.501621245866, "smoothness": 0.00609388579268877, "planning_time": 15.013084495}, "EST": {"curvature": 4.08283995217221, "path_length": 241.347641451824, "smoothness": 509.663817645578, "planning_time": 0.072434254}, "FMT": {"curvature": 0.528508981353453, "path_length": 136.799385841729, "smoothness": 170.227849907972, "planning_time": 1.754357849}, "InformedRRTstar": {"curvature": 0.333333333526385, "path_length": 139.239207684217, "smoothness": 5948.86496254119, "planning_time": 15.012962511}, "KPIECE1": {"curvature": 6.27865111337706, "path_length": 318.013697034681, "smoothness": 548.713769982439, "planning_time": 0.022999285}, "PRMstar": {"curvature": 4.8943083078847, "path_length": 136.780745835686, "smoothness": 1864.15269881804, "planning_time": 15.024778973}, "RRT": {"curvature": 4.67908268630798, "path_length": 215.204932774014, "smoothness": 474.606792739809, "planning_time": 0.080893846}, "RRT#": {"curvature": 0.333333333547502, "path_length": 131.038902517257, "smoothness": 0.0146921534791646, "planning_time": 15.008996839}, "RRTstar": {"curvature": 0.333333333551007, "path_length": 132.019805465177, "smoothness": 1099.04486246338, "planning_time": 15.005931882}, "SBPL": {"curvature": 0.55352346630071, "path_length": 189.028933611609, "smoothness": 15307.7825613713, "planning_time": 8.786827}, "SORRTstar": {"curvature": 3.08243812448459, "path_length": 133.853359293117, "smoothness": 547.342022955594, "planning_time": 15.00227403}, "SST": {"curvature": 5.85168403751518, "path_length": 174.90020617591, "smoothness": 516.931523978214, "planning_time": 15.0014845}, "STRIDE": {"curvature": 5.72522966525981, "path_length": 348.27806246629, "smoothness": 487.199082195954, "planning_time": 0.16817009}, "Theta*": {"curvature": 0.333333333425857, "path_length": 134.640765105828, "smoothness": 850.34977953427, "planning_time": 0.035717}, "kBITstar": {"curvature": 4.53956041240615, "path_length": 144.201711562197, "smoothness": 0.053426272654158, "planning_time": 15.021094992}}, "1": {}, "2": {}, "3": {}, "4": {}, "5": {}, "6": {}, "7": {}}