{"0": {"BFMT": {"curvature": null, "path_length": null, "smoothness": null, "planning_time": null}, "CForest": {"curvature": 0.25000000029010905, "path_length": 295.70406613736793, "smoothness": 0.008016401271704415, "planning_time": 15.005376382}, "EST": {"curvature": 3.004000881788511, "path_length": 669.9791347902947, "smoothness": 50.91083992358493, "planning_time": 15.000469423}, "FMT": {"curvature": null, "path_length": null, "smoothness": null, "planning_time": null}, "InformedRRTstar": {"curvature": 0.25000000602677325, "path_length": 299.5166521380258, "smoothness": 0.00830568510541247, "planning_time": 15.001391077}, "KPIECE1": {"curvature": 1.601408681702293, "path_length": 1416.2210804425958, "smoothness": 83.36410972120868, "planning_time": 15.000218512}, "PRMstar": {"curvature": 1.4562834442520538, "path_length": 305.6410265147247, "smoothness": 117.56561993306687, "planning_time": 15.169679652}, "RRT": {"curvature": 2.2042170745752374, "path_length": 345.4324816202455, "smoothness": 202.09298744214934, "planning_time": 15.000334505}, "RRT#": {"curvature": 0.2500000065026863, "path_length": 300.13706613792397, "smoothness": 1.2872132615786696e-09, "planning_time": 15.003023643}, "RRTstar": {"curvature": 0.2500000006256951, "path_length": 296.1401724663039, "smoothness": 0.015572430630279417, "planning_time": 15.001573597}, "SBL": {"curvature": 2.361685461207181, "path_length": 854.3655880686027, "smoothness": 74.76141964027609, "planning_time": 2.396120222}, "SBPL": {"curvature": null, "path_length": null, "smoothness": null, "planning_time": null}, "SORRTstar": {"curvature": 0.2500000074919345, "path_length": 301.1669859709705, "smoothness": 15.04025211684172, "planning_time": 15.000501899}, "SST": {"curvature": 5.599380018730075, "path_length": 363.4305973063231, "smoothness": 251.356548072454, "planning_time": 15.00056537}, "STRIDE": {"curvature": 4.80316387569843, "path_length": 417.92616645997697, "smoothness": 213.03615572501872, "planning_time": 15.000142247}, "Theta*": {"curvature": null, "path_length": null, "smoothness": null, "planning_time": null}, "kBITstar": {"curvature": null, "path_length": null, "smoothness": null, "planning_time": null}}, "1": {"BFMT": {"curvature": null, "path_length": null, "smoothness": null, "planning_time": null}, "CForest": {"curvature": 0.2500000062996298, "path_length": 313.1500899461582, "smoothness": 0.0005569658023562307, "planning_time": 15.009793154}, "EST": {"curvature": 0.25000000131356925, "path_length": 574.1088282543789, "smoothness": 0.010734405960708491, "planning_time": 15.000433767}, "FMT": {"curvature": null, "path_length": null, "smoothness": null, "planning_time": null}, "InformedRRTstar": {"curvature": 0.2500000089409545, "path_length": 303.2801896752215, "smoothness": 0.01353570610272024, "planning_time": 15.001454973}, "KPIECE1": {"curvature": 0.25000000025838753, "path_length": 1159.5267646101295, "smoothness": 0.018870727402355295, "planning_time": 15.000067643}, "PRMstar": {"curvature": 0.25000000627144364, "path_length": 335.9298558254547, "smoothness": 1.164028705784734e-10, "planning_time": 15.017864986}, "RRT": {"curvature": 0.2500000033350928, "path_length": 407.699114133647, "smoothness": 4.883714227809612e-06, "planning_time": 15.000044442}, "RRT#": {"curvature": 0.25000000403732925, "path_length": 303.142995172983, "smoothness": 0.0030500892556449668, "planning_time": 15.005092187}, "RRTstar": {"curvature": 0.2500000002393773, "path_length": 276.38656762756466, "smoothness": 0.004511749569530668, "planning_time": 15.001481012}, "SBL": {"curvature": null, "path_length": null, "smoothness": null, "planning_time": null}, "SBPL": {"curvature": null, "path_length": null, "smoothness": null, "planning_time": null}, "SORRTstar": {"curvature": 0.2500000008799664, "path_length": 290.8073384630924, "smoothness": 0.009326552944452116, "planning_time": 15.000636386}, "SST": {"curvature": 0.2500000038005831, "path_length": 428.1882671456725, "smoothness": 0.06391166128344791, "planning_time": 15.001747674}, "STRIDE": {"curvature": 0.2500000001475509, "path_length": 1081.437959199333, "smoothness": 0.016741841168518585, "planning_time": 15.000067688}, "Theta*": {"curvature": null, "path_length": null, "smoothness": null, "planning_time": null}, "kBITstar": {"curvature": null, "path_length": null, "smoothness": null, "planning_time": null}}, "2": {"BFMT": {"curvature": null, "path_length": null, "smoothness": null, "planning_time": null}, "CForest": {"curvature": 0.8561930101601447, "path_length": 2.330111242799097, "smoothness": 787163223.3181826, "planning_time": 0.026393206}, "EST": {"curvature": 3.1028528217798286, "path_length": 1.071621769360504, "smoothness": 15798735.820575463, "planning_time": 0.004310141}, "FMT": {"curvature": null, "path_length": null, "smoothness": null, "planning_time": 7.69376656}, "InformedRRTstar": {"curvature": 1.4513813058236449, "path_length": 2.328141364555522, "smoothness": 788687434.9620742, "planning_time": 0.016346728}, "KPIECE1": {"curvature": 2.5284150051616807, "path_length": 0.4456923211833294, "smoothness": 10325515.992171, "planning_time": 0.001263457}, "PRMstar": {"curvature": 2.7763456139285045, "path_length": 2.3480550761185004, "smoothness": 788239980.9436524, "planning_time": 15.435713472}, "RRT": {"curvature": 0.1127555973100165, "path_length": 2.219107950990465, "smoothness": 810674146.5024793, "planning_time": 0.003076212}, "RRT#": {"curvature": 0.4764169108827833, "path_length": 0.8118096876427177, "smoothness": 15592428.328832187, "planning_time": 0.007415586}, "RRTstar": {"curvature": 3.0069133223336606, "path_length": 1.114227491325828, "smoothness": 24530552.194259338, "planning_time": 0.003689699}, "SBL": {"curvature": 3.8771968995512447, "path_length": 2.232111023493231, "smoothness": 743339266.9846331, "planning_time": 0.516613846}, "SBPL": {"curvature": null, "path_length": null, "smoothness": null, "planning_time": null}, "SORRTstar": {"curvature": 1.3861489940589238, "path_length": 2.3433969150662053, "smoothness": 779875797.7868766, "planning_time": 0.611750231}, "SST": {"curvature": null, "path_length": null, "smoothness": null, "planning_time": null}, "STRIDE": {"curvature": 1.5308871022184058, "path_length": 0.7350505822604618, "smoothness": 15836640.582451543, "planning_time": 0.00151824}, "Theta*": {"curvature": null, "path_length": null, "smoothness": null, "planning_time": null}, "kBITstar": {"curvature": null, "path_length": null, "smoothness": null, "planning_time": null}}, "3": {}, "4": {}, "5": {}, "6": {}, "7": {}}