{"0": {"BFMT": {"curvature": 3.15927594655988, "path_length": 250.41769931197, "smoothness": 32.4163162321566, "planning_time": 1.313130859}, "CForest": {"curvature": 2.20354287477553, "path_length": 226.434746768203, "smoothness": 5.11376854253711e-09, "planning_time": 15.012642631}, "InformedRRTstar": {"curvature": 4.35517939309115, "path_length": 228.517614691586, "smoothness": 8.17140763363334e-09, "planning_time": 15.001158524}, "KPIECE1": {"curvature": 3.19807549985113, "path_length": 627.728961047764, "smoothness": 131.469952860276, "planning_time": 0.03080501}, "RRT#": {"curvature": 0.250000000551169, "path_length": 233.050974818839, "smoothness": 3.88083953921796e-09, "planning_time": 15.00036311}, "RRTstar": {"curvature": 3.75113378322251, "path_length": 229.651653802707, "smoothness": 36.2320981582319, "planning_time": 15.005175546}, "SORRTstar": {"curvature": 0.250000000545646, "path_length": 229.284301917916, "smoothness": 6.99743160957171e-09, "planning_time": 15.000192819}, "SST": {"curvature": 5.90101712806424, "path_length": 336.929663377318, "smoothness": 232.320453668593, "planning_time": 15.002144623}, "STRIDE": {"curvature": 4.82865134134384, "path_length": 414.765036720349, "smoothness": 246.345851916869, "planning_time": 0.200393313}, "Theta*": {"curvature": 3.26784959627274, "path_length": 280.021414660085, "smoothness": 204.289068254184, "planning_time": 0.19965}, "kBITstar": {"curvature": 3.9871045318943, "path_length": 249.76518724511, "smoothness": 29.0748307338556, "planning_time": 15.007310098}}, "1": {"BFMT": {"curvature": null, "path_length": null, "smoothness": null, "planning_time": null}, "CForest": {"curvature": 0.250000000327825, "path_length": 230.142328934337, "smoothness": 3.66379376707691e-10, "planning_time": 15.017208017}, "InformedRRTstar": {"curvature": 0.250000000359944, "path_length": 232.189159262463, "smoothness": 0.00812748751475152, "planning_time": 15.015276093}, "KPIECE1": {"curvature": 0.250000000343453, "path_length": 539.756682438952, "smoothness": 0.000546082635462929, "planning_time": 0.150976157}, "RRT#": {"curvature": 0.250000000689808, "path_length": 231.067780574446, "smoothness": 4.86250021201679e-10, "planning_time": 15.009751797}, "RRTstar": {"curvature": 0.250000000266873, "path_length": 235.978859865343, "smoothness": 3.60179845069329e-05, "planning_time": 15.004845525}, "SORRTstar": {"curvature": 0.250000000307233, "path_length": 226.821640697906, "smoothness": 0.00853703303913185, "planning_time": 15.001704022}, "SST": {"curvature": 0.250000001443456, "path_length": 300.004647555841, "smoothness": 0.0146867682562195, "planning_time": 15.002918316}, "STRIDE": {"curvature": 0.250000000163496, "path_length": 565.082223166471, "smoothness": 0.0141244626105167, "planning_time": 2.636580684}, "Theta*": {"curvature": 0.250000000685288, "path_length": 402.124188232444, "smoothness": 7.35120506559706e-06, "planning_time": 0.185425}, "kBITstar": {"curvature": null, "path_length": null, "smoothness": null, "planning_time": null}}, "2": {"BFMT": {"curvature": null, "path_length": null, "smoothness": null, "planning_time": null}, "CForest": {"curvature": 1.88989458930425, "path_length": 4.21553705447064, "smoothness": 216670.874649094, "planning_time": 15.033025188}, "InformedRRTstar": {"curvature": 1.76601798193133, "path_length": 4.02894254618546, "smoothness": 413364.613417036, "planning_time": 15.0057419}, "KPIECE1": {"curvature": 1.8844286401235, "path_length": 47.7588023835664, "smoothness": 831299.462399239, "planning_time": 1.3232224}, "RRT#": {"curvature": 1.69390962811158, "path_length": 17.0050459045053, "smoothness": 599086.266534649, "planning_time": 15.002596249}, "RRTstar": {"curvature": 1.68159889854335, "path_length": 2.09448205599132, "smoothness": 0.0, "planning_time": 15.021669527}, "SORRTstar": {"curvature": 1.6992846334407, "path_length": 5.63830094271688, "smoothness": 397611.819951472, "planning_time": 15.009013159}, "SST": {"curvature": null, "path_length": null, "smoothness": null, "planning_time": null}, "STRIDE": {"curvature": 1.96254183607403, "path_length": 8.27215635212444, "smoothness": 671534.252540959, "planning_time": 15.002909052}, "Theta*": {"curvature": 1.98328681644317, "path_length": 22.504614730951, "smoothness": 643648.660078404, "planning_time": 0.184071}, "kBITstar": {"curvature": null, "path_length": null, "smoothness": null, "planning_time": null}}, "3": {}, "4": {}, "5": {}, "6": {"BFMT": {"curvature": null, "path_length": null, "smoothness": null, "planning_time": null}, "CForest": {"curvature": 0.883809479131461, "path_length": 781.260749146317, "smoothness": 38.25114357615, "planning_time": 16.209934709}, "InformedRRTstar": {"curvature": 5.06707011702862, "path_length": 1221.63838993691, "smoothness": 5.31295880122347, "planning_time": 15.004412433}, "KPIECE1": {"curvature": 4.21081400147719, "path_length": 5096.1339556202, "smoothness": 118.377096018746, "planning_time": 15.072644416}, "RRT#": {"curvature": 3.00874760345022, "path_length": 935.690299422287, "smoothness": 15.5681331470018, "planning_time": 15.236951097}, "RRTstar": {"curvature": 0.782928410348587, "path_length": 1122.9874320386, "smoothness": 3.89873711271317, "planning_time": 15.190549286}, "SORRTstar": {"curvature": 2.70339495913305, "path_length": 1611.91741212232, "smoothness": 5.49498794175735, "planning_time": 15.020147164}, "SST": {"curvature": 6.27632539226579, "path_length": 5304.04116922405, "smoothness": 169.103412403639, "planning_time": 15.005460114}, "STRIDE": {"curvature": 6.02082633331442, "path_length": 2179.81828271697, "smoothness": 404.233774494591, "planning_time": 15.104403087}, "Theta*": {"curvature": 4.24220154830509, "path_length": 2901.0458650889, "smoothness": 9.66381306123773, "planning_time": 0.182574}, "kBITstar": {"curvature": null, "path_length": null, "smoothness": null, "planning_time": null}}, "7": {"BFMT": {"curvature": null, "path_length": null, "smoothness": null, "planning_time": null}, "CForest": {"curvature": 4.70307607835734, "path_length": 1189.80159350701, "smoothness": 18.5908941315538, "planning_time": 15.389877984}, "InformedRRTstar": {"curvature": 4.09189755150666, "path_length": 1704.1569428547, "smoothness": 26.9138125518073, "planning_time": 15.044482819}, "KPIECE1": {"curvature": 4.58179782704231, "path_length": 4426.27336844917, "smoothness": 64.0443766429462, "planning_time": 15.008745087}, "RRT#": {"curvature": 4.80053560914756, "path_length": 1468.27171762353, "smoothness": 29.6705985742552, "planning_time": 15.019361995}, "RRTstar": {"curvature": 0.726102617246806, "path_length": 1818.39169306675, "smoothness": 29.7173196402079, "planning_time": 15.275918881}, "SORRTstar": {"curvature": 0.77664330861957, "path_length": 1558.27671638644, "smoothness": 26.8761354640733, "planning_time": 15.054210961}, "SST": {"curvature": 4.74486062357967, "path_length": 6013.68101686129, "smoothness": 415.966069906597, "planning_time": 15.028527967}, "STRIDE": {"curvature": 4.2400694989617, "path_length": 3720.52444223762, "smoothness": 61.9017262084852, "planning_time": 15.009850845}, "Theta*": {"curvature": 3.64236189449054, "path_length": 2044.8556963535, "smoothness": 31.1658545113376, "planning_time": 0.184652}, "kBITstar": {"curvature": null, "path_length": null, "smoothness": null, "planning_time": null}}}