{"0": {"BFMT": {"curvature": 3.49091400657047, "path_length": 143.126136034131, "smoothness": 122.940786834577, "planning_time": 3.765398061}, "CForest": {"curvature": 0.166666666760466, "path_length": 146.145717159992, "smoothness": 6599.76059240476, "planning_time": 15.015371904}, "EST": {"curvature": 4.56415447697352, "path_length": 219.646360050946, "smoothness": 353.15033377695, "planning_time": 0.720477682}, "FMT": {"curvature": 4.60995654622277, "path_length": 144.085979511082, "smoothness": 869.272904835452, "planning_time": 2.376374639}, "InformedRRTstar": {"curvature": 4.53651397377805, "path_length": 142.718161165297, "smoothness": 3186.25330084064, "planning_time": 15.002837423}, "KPIECE1": {"curvature": 3.13909999254032, "path_length": 631.54951225525, "smoothness": 126.151978107972, "planning_time": 0.015695471}, "PRMstar": {"curvature": 4.62358395419158, "path_length": 147.003588603992, "smoothness": 3617.07521802809, "planning_time": 15.060970002}, "RRT": {"curvature": 4.36742363607247, "path_length": 233.884517179855, "smoothness": 1661.25869165389, "planning_time": 0.06966358}, "RRT#": {"curvature": 0.166666682685618, "path_length": 144.881305649447, "smoothness": 4411.34723745814, "planning_time": 15.000934757}, "RRTstar": {"curvature": 4.05374229678061, "path_length": 140.433464308599, "smoothness": 2556.32032826804, "planning_time": 15.004879869}, "SBPL": {"curvature": 0.55352346630071, "path_length": 243.351650916962, "smoothness": 5657.37984128751, "planning_time": 7.827155}, "SORRTstar": {"curvature": 4.65045666059563, "path_length": 151.930360155693, "smoothness": 4429.96632763346, "planning_time": 15.007207522}, "SST": {"curvature": 5.1048474323912, "path_length": 198.348197583652, "smoothness": 853.743972728712, "planning_time": 15.0013306}, "STRIDE": {"curvature": 3.79605534811184, "path_length": 261.100309842256, "smoothness": 454.202540508134, "planning_time": 0.063284285}, "Theta*": {"curvature": 3.98615854884131, "path_length": 152.122317226057, "smoothness": 5360.29119093638, "planning_time": 0.038917}, "kBITstar": {"curvature": 4.33139237297855, "path_length": 143.220986396337, "smoothness": 562.857304076398, "planning_time": 15.021220667}}, "1": {}, "2": {}, "3": {}, "4": {}, "5": {}, "6": {}, "7": {}}