{"0": {"BFMT": {"curvature": 0.250000000029283, "path_length": 68.9396001340872, "smoothness": 12043.7829718109, "planning_time": 1.007544914}, "CForest": {"curvature": 5.7934245114129, "path_length": 80.1783209293623, "smoothness": 1539.94501105588, "planning_time": 0.010087043}, "InformedRRTstar": {"curvature": 4.27846034697336, "path_length": 73.9351173366284, "smoothness": 3646.84952846404, "planning_time": 0.328425296}, "KPIECE1": {"curvature": 5.46182003474704, "path_length": 186.504070637742, "smoothness": 1992.00550250588, "planning_time": 0.003153248}, "RRT#": {"curvature": 4.47971391771615, "path_length": 78.4648979141516, "smoothness": 18171.8736292247, "planning_time": 0.171678202}, "RRTstar": {"curvature": 0.250000000041826, "path_length": 82.3418787872193, "smoothness": 398.038795350479, "planning_time": 0.059202774}, "SORRTstar": {"curvature": 0.250000000013103, "path_length": 72.9490816796488, "smoothness": 498.565788668061, "planning_time": 0.142097867}, "SST": {"curvature": 6.19732070846635, "path_length": 80.8712954273749, "smoothness": 355.371955238276, "planning_time": 15.006355414}, "STRIDE": {"curvature": 5.60405971140378, "path_length": 122.264006205422, "smoothness": 5075.50351871886, "planning_time": 0.1140651}, "Theta*": {"curvature": 4.82432877957063, "path_length": 68.8422976093114, "smoothness": 2074.15572699413, "planning_time": 0.061618}, "kBITstar": {"curvature": 0.250000000086388, "path_length": 83.7484250276277, "smoothness": 25413.8861438703, "planning_time": 0.12312306}}, "1": {"BFMT": {"curvature": null, "path_length": null, "smoothness": null, "planning_time": null}, "CForest": {"curvature": 0.250000000004917, "path_length": 73.9611823298546, "smoothness": 0.00178262555586001, "planning_time": 0.185721679}, "InformedRRTstar": {"curvature": 0.250000000070481, "path_length": 67.3746249619558, "smoothness": 0.0015524057512534, "planning_time": 0.622132329}, "KPIECE1": {"curvature": 0.250000000011976, "path_length": 507.131017617332, "smoothness": 0.00251103197218975, "planning_time": 0.021982625}, "RRT#": {"curvature": 0.250000000025636, "path_length": 71.2856435548952, "smoothness": 0.00328748154269222, "planning_time": 0.374105508}, "RRTstar": {"curvature": 0.250000000023478, "path_length": 82.064841756554, "smoothness": 0.00298785117490008, "planning_time": 0.015277217}, "SORRTstar": {"curvature": 0.250000000024671, "path_length": 68.5759489479749, "smoothness": 0.000741352995771579, "planning_time": 0.229455075}, "SST": {"curvature": 0.250000000043515, "path_length": 77.6116814656458, "smoothness": 0.00606399107460962, "planning_time": 0.103329374}, "STRIDE": {"curvature": 0.25000000005285, "path_length": 166.434241436145, "smoothness": 0.000156170030428621, "planning_time": 0.077776695}, "Theta*": {"curvature": 0.250000000039353, "path_length": 70.1408887476385, "smoothness": 0.00069169188006755, "planning_time": 0.021687}, "kBITstar": {"curvature": 0.250000000026422, "path_length": 70.1994121723446, "smoothness": 0.00205321235854868, "planning_time": 0.020255748}}, "2": {"BFMT": {"curvature": null, "path_length": null, "smoothness": null, "planning_time": null}, "CForest": {"curvature": 1.71107034240694, "path_length": 8.16439595702252, "smoothness": 878532.414633682, "planning_time": 0.052496393}, "InformedRRTstar": {"curvature": 1.56260578553809, "path_length": 4.87336647383975, "smoothness": 244124.46524488, "planning_time": 15.004240689}, "KPIECE1": {"curvature": 2.2668780251561, "path_length": 13.9594508163647, "smoothness": 1152728.73013656, "planning_time": 0.047649626}, "RRT#": {"curvature": 1.34606433936373, "path_length": 2.1202505251627, "smoothness": 0.0, "planning_time": 15.026889904}, "RRTstar": {"curvature": 0.462351795252257, "path_length": 4.97981860202195, "smoothness": 235040.208560522, "planning_time": 15.034589725}, "SORRTstar": {"curvature": 0.557263616560467, "path_length": 6.67624897628497, "smoothness": 395049.398504411, "planning_time": 0.193479275}, "SST": {"curvature": null, "path_length": null, "smoothness": null, "planning_time": null}, "STRIDE": {"curvature": 2.25786402430819, "path_length": 10.3718550685252, "smoothness": 768931.356416082, "planning_time": 0.990668816}, "Theta*": {"curvature": 1.70007123175606, "path_length": 6.48500495897225, "smoothness": 393220.999792458, "planning_time": 0.021992}, "kBITstar": {"curvature": 1.94249638398509, "path_length": 6.62389593582303, "smoothness": 297171.866540369, "planning_time": 1.479991871}}, "3": {}, "4": {}, "5": {}, "6": {"BFMT": {"curvature": null, "path_length": null, "smoothness": null, "planning_time": null}, "CForest": {"curvature": 6.07625122037888, "path_length": 1405.78909173271, "smoothness": 107.011200843606, "planning_time": 17.043050052}, "InformedRRTstar": {"curvature": 5.20565138852052, "path_length": 1559.65424985455, "smoothness": 123.371340700299, "planning_time": 4.839066673}, "KPIECE1": {"curvature": 5.54086020723733, "path_length": 4269.30864960462, "smoothness": 41.7737365039846, "planning_time": 15.044309843}, "RRT#": {"curvature": 1.34945863442209, "path_length": 869.535038666269, "smoothness": 79.6148686614247, "planning_time": 15.140925449}, "RRTstar": {"curvature": 5.55935525989944, "path_length": 1645.16251328372, "smoothness": 317.808630089168, "planning_time": 15.223389347}, "SORRTstar": {"curvature": 0.472174732045915, "path_length": 543.290235797577, "smoothness": 108.989142275504, "planning_time": 15.042280081}, "SST": {"curvature": 4.88558374602175, "path_length": 5147.95361347964, "smoothness": 79.4118193602008, "planning_time": 15.092677456}, "STRIDE": {"curvature": 6.03738411270925, "path_length": 1651.01683171264, "smoothness": 1080.1981468066, "planning_time": 15.0413056}, "Theta*": {"curvature": 3.72372853476386, "path_length": 554.074466736111, "smoothness": 57.9598304195549, "planning_time": 0.022157}, "kBITstar": {"curvature": 4.1245143189908, "path_length": 1757.84363574294, "smoothness": 133.604578930599, "planning_time": 14.415338378}}, "7": {"BFMT": {"curvature": null, "path_length": null, "smoothness": null, "planning_time": null}, "CForest": {"curvature": 4.90063081928216, "path_length": 1209.20646322471, "smoothness": 38.1445430109716, "planning_time": 1.615123984}, "InformedRRTstar": {"curvature": 6.3250806376832, "path_length": 1478.78024734057, "smoothness": 47.0407150167663, "planning_time": 2.903169925}, "KPIECE1": {"curvature": 5.48382509637336, "path_length": 5136.7476374071, "smoothness": 77.3811590618826, "planning_time": 12.815117147}, "RRT#": {"curvature": 0.737493541039135, "path_length": 1150.84757695283, "smoothness": 38.6343127249783, "planning_time": 0.771256873}, "RRTstar": {"curvature": 2.07838756006244, "path_length": 1336.74945079656, "smoothness": 40.9805017458246, "planning_time": 1.908518878}, "SORRTstar": {"curvature": 0.660420155977249, "path_length": 1431.71499615592, "smoothness": 61.3992808225285, "planning_time": 15.042332799}, "SST": {"curvature": 5.59712353295298, "path_length": 5438.74469123439, "smoothness": 501.03744100745, "planning_time": 15.044615608}, "STRIDE": {"curvature": 4.70361913353396, "path_length": 1401.30862212907, "smoothness": 29.2390799842219, "planning_time": 15.018012718}, "Theta*": {"curvature": 3.72372853476386, "path_length": 617.845921566888, "smoothness": 20.0781139223762, "planning_time": 0.021674}, "kBITstar": {"curvature": 6.02339445939344, "path_length": 2266.92600984225, "smoothness": 72.4091364040314, "planning_time": 4.64342224}}}