{"0": {"BFMT": {"curvature": 6.283410241814697, "path_length": 19.253126659416207, "smoothness": 8047.674561817009, "planning_time": 0.562929262}, "CForest": {"curvature": 0.25000000000006606, "path_length": 23.811771282309852, "smoothness": 21344.913134204486, "planning_time": 0.016299429}, "EST": {"curvature": 6.283107188223282, "path_length": 59.83326261687216, "smoothness": 8284.007314430837, "planning_time": 0.176648132}, "FMT": {"curvature": 0.31392309788739375, "path_length": 18.91043398765142, "smoothness": 26030.07366046387, "planning_time": 1.330376909}, "InformedRRTstar": {"curvature": 6.266162035872142, "path_length": 31.965286458110306, "smoothness": 6900.330577039113, "planning_time": 0.022985704}, "KPIECE1": {"curvature": 6.556793924783669, "path_length": 33.86528489907467, "smoothness": 2.9712112057523792e-08, "planning_time": 0.032695641}, "PRMstar": {"curvature": 6.247647016982114, "path_length": 18.651344876696704, "smoothness": 1.351361670702906e-08, "planning_time": 0.062386298}, "RRT": {"curvature": 6.554263927206526, "path_length": 30.09180450240007, "smoothness": 42830.58183692189, "planning_time": 0.021481152}, "RRT#": {"curvature": 6.620858372796665, "path_length": 19.250120956162895, "smoothness": 64879.87795484706, "planning_time": 0.068094328}, "RRTstar": {"curvature": 0.5646655560760836, "path_length": 30.8787207991713, "smoothness": 9411.480291487771, "planning_time": 0.11936289}, "SBL": {"curvature": 5.8035593864528945, "path_length": 44.045238541909136, "smoothness": 5111.781287892816, "planning_time": 0.040170073}, "SORRTstar": {"curvature": 6.324499856172916, "path_length": 22.501481326822542, "smoothness": 2.7449243996578385e-08, "planning_time": 0.03323271}, "SST": {"curvature": 0.2500000000021326, "path_length": 25.622750291684603, "smoothness": 2232.5810318245103, "planning_time": 15.000735435}, "STRIDE": {"curvature": 6.335079045612532, "path_length": 35.115290318448665, "smoothness": 7998.784802139807, "planning_time": 0.046352496}, "Theta*": {"curvature": null, "path_length": null, "smoothness": null, "planning_time": null}, "kBITstar": {"curvature": null, "path_length": null, "smoothness": null, "planning_time": null}}, "1": {"BFMT": {"curvature": 0.2500000000011561, "path_length": 128.7445912812164, "smoothness": 0.011045674465067545, "planning_time": 3.192143728}, "CForest": {"curvature": 0.2500000000034541, "path_length": 45.765465305837104, "smoothness": 0.012715471502235237, "planning_time": 0.124063926}, "EST": {"curvature": 0.2500000000021727, "path_length": 18.094123377374142, "smoothness": 4.3469667974100625, "planning_time": 15.000667738}, "FMT": {"curvature": null, "path_length": null, "smoothness": null, "planning_time": null}, "InformedRRTstar": {"curvature": 0.2500000000043059, "path_length": 45.83675304020699, "smoothness": 1.6263098725733507e-07, "planning_time": 1.06990868}, "KPIECE1": {"curvature": 0.25000000000196615, "path_length": 45.32854032483729, "smoothness": 0.015118742494866706, "planning_time": 0.010078759}, "PRMstar": {"curvature": 0.2500000000032361, "path_length": 36.53308949736733, "smoothness": 0.06850493273883274, "planning_time": 0.039664673}, "RRT": {"curvature": 0.2500000000066376, "path_length": 43.46055022625285, "smoothness": 3.432245732405799e-08, "planning_time": 0.025399888}, "RRT#": {"curvature": 0.2500000000040851, "path_length": 42.62425819059392, "smoothness": 0.025011920995021496, "planning_time": 0.261981612}, "RRTstar": {"curvature": 0.2500000000038706, "path_length": 50.07219604983571, "smoothness": 2.12497239681048e-08, "planning_time": 0.594261772}, "SBL": {"curvature": 0.2500000000005494, "path_length": 125.41198865561543, "smoothness": 0.003429178649108817, "planning_time": 1.360262891}, "SORRTstar": {"curvature": 0.2500000000066437, "path_length": 45.92100651951737, "smoothness": 0.009542870564066016, "planning_time": 1.374515038}, "SST": {"curvature": 0.25000000000587336, "path_length": 55.22461828242447, "smoothness": 0.07337835620899485, "planning_time": 1.561930743}, "STRIDE": {"curvature": 0.25000000000252787, "path_length": 57.49937813103457, "smoothness": 0.018274998247603202, "planning_time": 15.000032437}, "Theta*": {"curvature": null, "path_length": null, "smoothness": null, "planning_time": null}, "kBITstar": {"curvature": null, "path_length": null, "smoothness": null, "planning_time": null}}, "2": {"BFMT": {"curvature": null, "path_length": null, "smoothness": null, "planning_time": null}, "CForest": {"curvature": 0.36364232665280594, "path_length": 0.16954712148426132, "smoothness": 0.0, "planning_time": 0.024698533}, "EST": {"curvature": 0.5190049330338249, "path_length": 0.07102388370445484, "smoothness": 0.0, "planning_time": 0.001872761}, "FMT": {"curvature": null, "path_length": null, "smoothness": null, "planning_time": 1.363550551}, "InformedRRTstar": {"curvature": 0.5939791216494194, "path_length": 0.12082117824319373, "smoothness": 0.0, "planning_time": 0.006831903}, "KPIECE1": {"curvature": 0.7704788059615552, "path_length": 0.0652640941600762, "smoothness": 0.0, "planning_time": 0.003139595}, "PRMstar": {"curvature": 1.7193804694301476, "path_length": 0.5136194634659118, "smoothness": 14587770.027904531, "planning_time": 0.497459913}, "RRT": {"curvature": 0.0966923730949837, "path_length": 0.37756413138825384, "smoothness": 6237859.651877056, "planning_time": 0.013043676}, "RRT#": {"curvature": 1.446811146608855, "path_length": 0.08040112054791723, "smoothness": 0.0, "planning_time": 0.027778863}, "RRTstar": {"curvature": 0.7440201018969613, "path_length": 0.031868234493682146, "smoothness": 0.0, "planning_time": 0.02227147}, "SBL": {"curvature": 5.453381327863405, "path_length": 0.43951622297205667, "smoothness": 40270679.062580824, "planning_time": 0.209775523}, "SORRTstar": {"curvature": 0.15338600341032632, "path_length": 0.2695101317069949, "smoothness": 1046085.321871631, "planning_time": 0.10733088}, "SST": {"curvature": null, "path_length": null, "smoothness": null, "planning_time": null}, "STRIDE": {"curvature": 0.4393110417617305, "path_length": 0.031917006416884795, "smoothness": 0.0, "planning_time": 0.000397913}, "Theta*": {"curvature": null, "path_length": null, "smoothness": null, "planning_time": null}, "kBITstar": {"curvature": null, "path_length": null, "smoothness": null, "planning_time": null}}, "3": {}, "4": {}, "5": {}, "6": {"BFMT": {"curvature": null, "path_length": null, "smoothness": null, "planning_time": null}, "CForest": {"curvature": 1.551095081486364, "path_length": 519.3947356417846, "smoothness": 32182.519145182425, "planning_time": 0.772843707}, "EST": {"curvature": 6.104429914286837, "path_length": 3326.9803672191483, "smoothness": 1527.6985388437442, "planning_time": 15.002796183}, "FMT": {"curvature": null, "path_length": null, "smoothness": null, "planning_time": null}, "InformedRRTstar": {"curvature": 3.675144861663339, "path_length": 468.282028024923, "smoothness": 25043.224530758485, "planning_time": 15.023560315}, "KPIECE1": {"curvature": 5.2406517482243355, "path_length": 6223.552296036131, "smoothness": 85.88006825228014, "planning_time": 6.394158104}, "PRMstar": {"curvature": 2.6768924174121245, "path_length": 1243.260411357075, "smoothness": 4577.1187882338, "planning_time": 9.904652878}, "RRT": {"curvature": 0.12220019986180357, "path_length": 285.81384237603027, "smoothness": 161844.58293605008, "planning_time": 15.003613541}, "RRT#": {"curvature": 6.20669230161019, "path_length": 378.76240709529714, "smoothness": 39579.09180984988, "planning_time": 15.004970213}, "RRTstar": {"curvature": 6.179112189420839, "path_length": 790.8692230081912, "smoothness": 12540.837866301797, "planning_time": 15.031565001}, "SBL": {"curvature": null, "path_length": null, "smoothness": null, "planning_time": null}, "SORRTstar": {"curvature": 5.920803372802148, "path_length": 625.1856536112103, "smoothness": 28344.360265340398, "planning_time": 15.032182621}, "SST": {"curvature": 6.152114594609341,