{"0": {"BFMT": {"curvature": 0.500000000044257, "path_length": 134.864904988965, "smoothness": 0.000587432414887642, "planning_time": 2.524616088}, "CForest": {"curvature": 0.500000000073135, "path_length": 129.124301298294, "smoothness": 0.0182095191823599, "planning_time": 15.040017023}, "EST": {"curvature": 3.77113164950049, "path_length": 267.490679444896, "smoothness": 381.917165227816, "planning_time": 0.179809242}, "FMT": {"curvature": 0.500000000325291, "path_length": 132.389904522606, "smoothness": 0.0339980794620732, "planning_time": 1.576247405}, "InformedRRTstar": {"curvature": 0.5000000002048, "path_length": 128.049560344609, "smoothness": 2.05407793098558e-08, "planning_time": 15.00276477}, "KPIECE1": {"curvature": 3.97266420727851, "path_length": 251.038632197939, "smoothness": 385.709940490619, "planning_time": 0.021974809}, "PRMstar": {"curvature": 4.70289934654371, "path_length": 133.871887181879, "smoothness": 646.911543055968, "planning_time": 15.037433112}, "RRT": {"curvature": 0.500000000204133, "path_length": 137.874650446739, "smoothness": 0.00457350843497132, "planning_time": 0.008314965}, "RRT#": {"curvature": 0.50000000054974, "path_length": 128.809072673193, "smoothness": 0.0140410690991686, "planning_time": 15.004449573}, "RRTstar": {"curvature": 0.500000000204542, "path_length": 131.080358098133, "smoothness": 0.0918212248616114, "planning_time": 15.019732491}, "SBPL": {"curvature": 0.55352346630071, "path_length": 169.314497664914, "smoothness": 20162.6979757364, "planning_time": 7.925185}, "SORRTstar": {"curvature": 0.500000000142734, "path_length": 131.089440927241, "smoothness": 677.498978332127, "planning_time": 15.006463534}, "SST": {"curvature": 5.9518453109006, "path_length": 169.938182367616, "smoothness": 357.808847014012, "planning_time": 15.001065917}, "STRIDE": {"curvature": 3.99794533446756, "path_length": 252.055197985245, "smoothness": 714.375371178917, "planning_time": 0.481831683}, "Theta*": {"curvature": 0.500000000076708, "path_length": 132.047377872838, "smoothness": 1.37217212318903e-08, "planning_time": 0.036799}, "kBITstar": {"curvature": 0.500000000109666, "path_length": 134.424979173915, "smoothness": 769.789838017462, "planning_time": 15.001429803}}, "1": {}, "2": {}, "3": {}, "4": {}, "5": {}, "6": {}, "7": {}}