{"0": {"BFMT": {"curvature": 4.66234897521205, "path_length": 143.222597179924, "smoothness": 0.00492515503849921, "planning_time": 1.121078964}, "CForest": {"curvature": 0.250000000187578, "path_length": 130.721736034095, "smoothness": 3.61285110099981e-08, "planning_time": 15.014620359}, "EST": {"curvature": 5.0314023745982, "path_length": 192.413024564276, "smoothness": 1823.08081867551, "planning_time": 0.216699158}, "FMT": {"curvature": 0.250000000220467, "path_length": 138.362242887726, "smoothness": 6.07028170004986e-08, "planning_time": 4.047859234}, "InformedRRTstar": {"curvature": 0.250000000134828, "path_length": 131.289722914602, "smoothness": 137.431615443974, "planning_time": 15.035092879}, "KPIECE1": {"curvature": 3.49302931368732, "path_length": 266.46650170644, "smoothness": 633.148468246555, "planning_time": 0.270403468}, "PRMstar": {"curvature": 1.98540549479548, "path_length": 144.080427649441, "smoothness": 2000.62424410916, "planning_time": 15.009100449}, "RRT": {"curvature": 4.69547272617669, "path_length": 144.701330998178, "smoothness": 2568.62973711898, "planning_time": 0.006576038}, "RRT#": {"curvature": 3.61378760301244, "path_length": 132.361377022635, "smoothness": 1550.86224217648, "planning_time": 15.002207272}, "RRTstar": {"curvature": 4.95253993211118, "path_length": 140.30983557672, "smoothness": 7055.50529003992, "planning_time": 15.001160408}, "SBPL": {"curvature": 0.55352346630071, "path_length": 208.012900076514, "smoothness": 11254.2385136231, "planning_time": 7.893301}, "SORRTstar": {"curvature": 0.250000000084001, "path_length": 130.881916760404, "smoothness": 6.95444812098188e-08, "planning_time": 15.003294305}, "SST": {"curvature": 5.35648942636077, "path_length": 176.131751219819, "smoothness": 762.440512244724, "planning_time": 15.002720297}, "STRIDE": {"curvature": 4.10411012842265, "path_length": 354.813996410706, "smoothness": 360.436279711176, "planning_time": 1.546120938}, "Theta*": {"curvature": 4.63917429950515, "path_length": 142.369281687499, "smoothness": 2737.35482779449, "planning_time": 0.035297}, "kBITstar": {"curvature": 4.48267856648348, "path_length": 151.430099288042, "smoothness": 2484.32665901977, "planning_time": 15.006204136}}, "1": {}, "2": {}, "3": {}, "4": {}, "5": {}, "6": {}, "7": {}}