{"0": {"BFMT": {"curvature": 1.68197305846162, "path_length": 374.719408702551, "smoothness": 0.00752377992087429, "planning_time": 0.997926086}, "CForest": {"curvature": 0.250000003033664, "path_length": 356.904747571808, "smoothness": 0.0193720525800394, "planning_time": 15.009548673}, "EST": {"curvature": 3.40835286082108, "path_length": 581.282312166966, "smoothness": 33.3105241748138, "planning_time": 0.662758286}, "FMT": {"curvature": 0.250000002416686, "path_length": 370.069509445159, "smoothness": 15.2679621332032, "planning_time": 1.935452059}, "InformedRRTstar": {"curvature": 0.250000002772049, "path_length": 365.437106776659, "smoothness": 1.29078323520931e-09, "planning_time": 15.001002013}, "KPIECE1": {"curvature": 2.13598233517675, "path_length": 793.83730869726, "smoothness": 69.5051900137202, "planning_time": 0.01694018}, "PRMstar": {"curvature": 2.5169223442626, "path_length": 370.584513735675, "smoothness": 26.7619011103157, "planning_time": 15.053915672}, "RRT": {"curvature": 2.48921677938291, "path_length": 487.888319327864, "smoothness": 9.69041722662375, "planning_time": 0.01237685}, "RRT#": {"curvature": 0.250000004624668, "path_length": 355.746802756271, "smoothness": 2.8622222834712e-10, "planning_time": 15.007013196}, "RRTstar": {"curvature": 0.250000003479211, "path_length": 357.924900936423, "smoothness": 0.0222560131563727, "planning_time": 15.000715049}, "SBL": {"curvature": 3.40930861417585, "path_length": 587.016881627089, "smoothness": 27.9471442366542, "planning_time": 0.010799964}, "SBPL": {"curvature": null, "path_length": null, "smoothness": null, "planning_time": null}, "SORRTstar": {"curvature": 0.250000005718728, "path_length": 358.998977267449, "smoothness": 5.38577646703469, "planning_time": 15.002335411}, "SST": {"curvature": 3.1934869327144, "path_length": 629.658206200386, "smoothness": 61.8616530404464, "planning_time": 15.000904896}, "STRIDE": {"curvature": 2.90271619837124, "path_length": 688.199926936641, "smoothness": 71.3634720033785, "planning_time": 0.030319276}, "Theta*": {"curvature": 2.70570121655952, "path_length": 404.991973366115, "smoothness": 1.15888627783653e-09, "planning_time": 3.579646}, "kBITstar": {"curvature": 0.899815934281861, "path_length": 372.307860024647, "smoothness": 155.7723685523, "planning_time": 15.001968202}}, "1": {"BFMT": {"curvature": 0.250000001129177, "path_length": 538.45999184305, "smoothness": 2.80415103566639e-11, "planning_time": 2.296336366}, "CForest": {"curvature": 0.250000004146683, "path_length": 356.781964588221, "smoothness": 0.0127160964370079, "planning_time": 15.014949898}, "EST": {"curvature": 0.2500000013395, "path_length": 616.205296580982, "smoothness": 0.00826885427000595, "planning_time": 0.879319231}, "FMT": {"curvature": 0.250000006078595, "path_length": 375.026318808766, "smoothness": 0.0318748408500816, "planning_time": 4.057128521}, "InformedRRTstar": {"curvature": 0.250000002442963, "path_length": 359.602726906781, "smoothness": 7.03998962926839e-11, "planning_time": 15.010625933}, "KPIECE1": {"curvature": 0.250000000195322, "path_length": 1190.05028107844, "smoothness": 0.0375669094749738, "planning_time": 0.010379214}, "PRMstar": {"curvature": 0.250000002482046, "path_length": 373.583974986815, "smoothness": 6.20882797071101e-11, "planning_time": 15.011702838}, "RRT": {"curvature": 0.250000000324903, "path_length": 641.482474801687, "smoothness": 0.0133298471012742, "planning_time": 0.010365254}, "RRT#": {"curvature": 0.250000003153632, "path_length": 355.996833687414, "smoothness": 0.0207563077836422, "planning_time": 15.014678447}, "RRTstar": {"curvature": 0.250000002022313, "path_length": 358.830511846737, "smoothness": 0.0223175293772897, "planning_time": 15.006366954}, "SBL": {"curvature": 0.25000000038893, "path_length": 810.443849211622, "smoothness": 0.000220704586629462, "planning_time": 0.006415448}, "SBPL": {"curvature": null, "path_length": null, "smoothness": null, "planning_time": null}, "SORRTstar": {"curvature": 0.250000004172419, "path_length": 359.162311867323, "smoothness": 0.00739761288806814, "planning_time": 15.004101149}, "SST": {"curvature": 0.250000003607058, "path_length": 421.157860767043, "smoothness": 0.039592289758735, "planning_time": 15.005469651}, "STRIDE": {"curvature": 0.250000001279802, "path_length": 697.052047147764, "smoothness": 0.000424308771582243, "planning_time": 0.224046881}, "Theta*": {"curvature": 0.250000003079726, "path_length": 445.299614344852, "smoothness": 4.52710078966698e-11, "planning_time": 3.307002}, "kBITstar": {"curvature": 0.250000004154684, "path_length": 364.548372598358, "smoothness": 8.61255137960702e-11, "planning_time": 15.010891542}}, "2": {"BFMT": {"curvature": null, "path_length": null, "smoothness": null, "planning_time": null}, "CForest": {"curvature": 0.781994636574172, "path_length": 1.93884078252875, "smoothness": 883246587.885894, "planning_time": 0.124684433}, "EST": {"curvature": 1.39043904284062, "path_length": 0.892062451959401, "smoothness": 15723642.3782739, "planning_time": 0.030672783}, "FMT": {"curvature": null, "path_length": null, "smoothness": null, "planning_time": null}, "InformedRRTstar": {"curvature": 1.37801749058594, "path_length": 0.99599532220922, "smoothness": 15572782.5583146, "planning_time": 0.005316607}, "KPIECE1": {"curvature": 1.11262369607792, "path_length": 0.929451792714334, "smoothness": 15683573.7844255, "planning_time": 0.003835048}, "PRMstar": {"curvature": 2.84348699152731, "path_length": 2.23766975460123, "smoothness": 762574184.810738, "planning_time": 2.342720467}, "RRT": {"curvature": 2.81455782173937, "path_length": 0.285531827508651, "smoothness": 1886830.69265528, "planning_time": 0.121496931}, "RRT#": {"curvature": 1.23661071421074, "path_length": 0.615317741074456, "smoothness": 15972828.3021945, "planning_time": 0.039943235}, "RRTstar": {"curvature": 0.838098518616187, "path_length": 1.59032005117044, "smoothness": 825233305.69513, "planning_time": 0.077111287}, "SBL": {"curvature": 5.15713417865153, "path_length": 2.23144493455227, "smoothness": 740616420.041611, "planning_time": 0.061601123}, "SBPL": {"curvature": null, "path_length": null, "smoothness": null, "planning_time": null}, "SORRTstar": {"curvature": 1.19911066175627, "path_length": 2.13734727307623, "smoothness": 834867380.744964, "planning_time": 1.685375599}, "SST": {"curvature": null, "path_length": null, "smoothness": null, "planning_time": null}, "STRIDE": {"curvature": 0.862646001916259, "path_length": 1.4949863110659, "smoothness": 765493297.114525, "planning_time": 0.00480871}, "Theta*": {"curvature": 3.83772872709112, "path_length": 2.07274265971113, "smoothness": 690685760.696157, "planning_time": 3.258315}, "kBITstar": {"curvature": null, "path_length": null, "smoothness": null, "planning_time": null}}, "3": {}, "4": {}, "5": {}, "6": {}, "7": {}}