{"0": {"BFMT": {"curvature": 5.04999260538333, "path_length": 86.89850818321295, "smoothness": 2.1464746509318138e-08, "planning_time": 1.578980953}, "CForest": {"curvature": 5.126905041282575, "path_length": 104.72465748490929, "smoothness": 13660.832841789643, "planning_time": 7.906794284}, "EST": {"curvature": 4.828335997892246, "path_length": 136.95103598688095, "smoothness": 994.5350691645192, "planning_time": 0.600555707}, "FMT": {"curvature": 0.2500000000548079, "path_length": 89.01067549946319, "smoothness": 2228.3464148178055, "planning_time": 3.361219109}, "InformedRRTstar": {"curvature": 4.650855250506388, "path_length": 96.26229981435242, "smoothness": 16413.01323013155, "planning_time": 2.70742001}, "KPIECE1": {"curvature": 4.0586133880641775, "path_length": 491.8483764326696, "smoothness": 548.1392324793837, "planning_time": 1.859648518}, "PRMstar": {"curvature": 0.5288651158202753, "path_length": 181.5726907996243, "smoothness": 516.5914863182892, "planning_time": 15.1122132}, "RRT": {"curvature": 4.7722429985573, "path_length": 204.40993371549064, "smoothness": 168.47755188826028, "planning_time": 0.343209103}, "RRT#": {"curvature": 5.3793847219331825, "path_length": 106.93540070958176, "smoothness": 39141.151673444845, "planning_time": 5.888885814}, "RRTstar": {"curvature": 5.214517729304773, "path_length": 103.86777596793033, "smoothness": 20343.771592059366, "planning_time": 14.299357674}, "SBL": {"curvature": 3.8474923345224674, "path_length": 259.9846138332539, "smoothness": 575.4952009672453, "planning_time": 2.019323957}, "SORRTstar": {"curvature": 6.289214781922662, "path_length": 100.34419669208683, "smoothness": 2353.1135749583104, "planning_time": 13.415810641}, "SST": {"curvature": 4.991021621190006, "path_length": 99.62954466104262, "smoothness": 2885.8174203626854, "planning_time": 15.003795645}, "STRIDE": {"curvature": 6.285995505747209, "path_length": 315.1408849356561, "smoothness": 547.479267350214, "planning_time": 2.055622267}, "Theta*": {"curvature": null, "path_length": null, "smoothness": null, "planning_time": null}, "kBITstar": {"curvature": 0.29450492885403334, "path_length": 197.81819328005417, "smoothness": 3175.595075562965, "planning_time": 15.001603703}}, "1": {"BFMT": {"curvature": null, "path_length": null, "smoothness": null, "planning_time": null}, "CForest": {"curvature": 0.2500000001218624, "path_length": 173.49652785922, "smoothness": 0.010933348361819138, "planning_time": 15.165865503}, "EST": {"curvature": 0.2500000000905671, "path_length": 186.2911872599588, "smoothness": 0.00022399852531168875, "planning_time": 4.691743729}, "FMT": {"curvature": null, "path_length": null, "smoothness": null, "planning_time": null}, "InformedRRTstar": {"curvature": 0.2500000000315447, "path_length": 177.77789564679225, "smoothness": 0.008159399191590679, "planning_time": 15.002749584}, "KPIECE1": {"curvature": 0.25000000008482953, "path_length": 188.26557441719729, "smoothness": 0.00021474788325511233, "planning_time": 11.287572193}, "PRMstar": {"curvature": 0.25000000021638, "path_length": 310.3199989595725, "smoothness": 1.2524713344715562e-10, "planning_time": 15.047649969}, "RRT": {"curvature": 0.2500000001175567, "path_length": 180.39397730495762, "smoothness": 5.947832907119924e-10, "planning_time": 0.259319187}, "RRT#": {"curvature": 0.2500000000964625, "path_length": 183.1865232936225, "smoothness": 1.0101316071390003e-09, "planning_time": 15.022943029}, "RRTstar": {"curvature": 0.2500000001415684, "path_length": 174.6469980298683, "smoothness": 0.010268098145579998, "planning_time": 15.00177523}, "SBL": {"curvature": null, "path_length": null, "smoothness": null, "planning_time": null}, "SORRTstar": {"curvature": 0.25000000006939144, "path_length": 174.8924641367514, "smoothness": 0.02807476326803087, "planning_time": 15.02834421}, "SST": {"curvature": 0.2500000000709001, "path_length": 191.11233980185577, "smoothness": 0.007676279100409142, "planning_time": 15.001543899}, "STRIDE": {"curvature": 0.2500000000436456, "path_length": 190.07339232747833, "smoothness": 5.2988096631028084e-05, "planning_time": 12.325228587}, "Theta*": {"curvature": null, "path_length": null, "smoothness": null, "planning_time": null}, "kBITstar": {"curvature": 0.2500000000230759, "path_length": 171.37396089058817, "smoothness": 0.0025067824017204667, "planning_time": 15.002128914}}, "2": {"BFMT": {"curvature": null, "path_length": null, "smoothness": null, "planning_time": null}, "CForest": {"curvature": 0.3375073293360043, "path_length": 0.6718685629630201, "smoothness": 15540418.023486495, "planning_time": 0.017511394}, "EST": {"curvature": 0.16404446975788098, "path_length": 0.2674802491774981, "smoothness": 932359.223733761, "planning_time": 0.00920175}, "FMT": {"curvature": null, "path_length": null, "smoothness": null, "planning_time": 2.852248914}, "InformedRRTstar": {"curvature": 2.2092250122469004, "path_length": 0.04931253037667774, "smoothness": 0.0, "planning_time": 0.03216286}, "KPIECE1": {"curvature": 0.356557857277029, "path_length": 0.30353845232367144, "smoothness": 2694649.1829805835, "planning_time": 0.007907514}, "PRMstar": {"curvature": 3.817620059735743, "path_length": 2.0152090030693928, "smoothness": 675882106.4429468, "planning_time": 15.251089788}, "RRT": {"curvature": 0.7609414884601068, "path_length": 0.20446196385223733, "smoothness": 0.0, "planning_time": 0.027164481}, "RRT#": {"curvature": 1.4693025953747239, "path_length": 0.06749705075386306, "smoothness": 0.0, "planning_time": 0.077959967}, "RRTstar": {"curvature": 0.24226797606920386, "path_length": 0.19741759032119188, "smoothness": 0.0, "planning_time": 0.006555266}, "SBL": {"curvature": 3.385874384707083, "path_length": 2.082435414324726, "smoothness": 704659352.5986688, "planning_time": 1.130993428}, "SORRTstar": {"curvature": 1.0166418980888552, "path_length": 0.22965410003278544, "smoothness": 0.0, "planning_time": 0.456953909}, "SST": {"curvature": null, "path_length": null, "smoothness": null, "planning_time": null}, "STRIDE": {"curvature": 0.6844249569546604, "path_length": 0.18743668169137154, "smoothness": 0.0, "planning_time": 0.004894508}, "Theta*": {"curvature": null, "path_length": null, "smoothness": null, "planning_time": null}, "kBITstar": {"curvature": null, "path_length": null, "smoothness": null, "planning_time": null}}, "3": {}, "4": {}, "5": {}, "6": {"BFMT": {"curvature": null, "path_length": null, "smoothness": null, "planning_time": null}, "CForest": {"curvature": 1.7809974166573403, "path_length": 2756.8621459450046, "smoothness": 99874.01703206569, "planning_time": 16.1508584}, "EST": {"curvature": 5.279537277707073, "path_length": 2213.4522998898324, "smoothness": 2625.835436401683, "planning_time": 15.066392788}, "FMT": {"curvature": null, "path_length": null, "smoothness": null, "planning_time": null}, "InformedRRTstar": {"curvature": 4.136548849804131, "path_length": 2062.5965684576804, "smoothness": 16.112917814352286, "planning_time": 15.066198412}, "KPIECE1": {"curvature": 5.051690180543376, "path_length": 4425.028593188568, "smoothness": 1189.965004982105, "planning_time": 15.052283021}, "PRMstar": {"curvature": 1.0140703909548376, "path_length": 1549.4536847232414, "smoothness": 267.6450679522755, "planning_time": 15.226135331}, "RRT": {"curvature": 5.444194811145739, "path_length": 2756.908007768429, "smoothness": 237.14317492523188, "planning_time": 6.770686597}, "RRT#": {"curvature": 5.029796668005103, "path_length": 1535.2645154173201, "smoothness": 33.65888284558533, "planning_time": 15.00533836}, "RRTstar": {"curvature": 0.7704858342727595, "path_length": 2054.30738743836, "smoothness": 8.37851441514853, "planning_time": 15.006972963}, "SBL": {"curvature": null, "path_length": null, "smoothness": null, "planning_time": null}, "SORRTstar": {"curvature": 0.886382242993585, "path_length": 1393.240831738456, "smoothness": 6.484399108385026, "planning_time": 15.510758869},