{"0": {"BFMT": {"curvature": 6.61620412778964, "path_length": 16.02972422667835, "smoothness": 227695.06049127816, "planning_time": 1.477832776}, "CForest": {"curvature": 6.34752639310945, "path_length": 21.84310115962897, "smoothness": 33699.064019095815, "planning_time": 1.858389662}, "EST": {"curvature": 6.329205831197069, "path_length": 35.064051075650575, "smoothness": 12290.327031844768, "planning_time": 15.000493333}, "FMT": {"curvature": 6.46226971777452, "path_length": 15.406827294499623, "smoothness": 1.1394680503072804e-07, "planning_time": 1.769227906}, "InformedRRTstar": {"curvature": 0.2499999999999551, "path_length": 12.345878561131311, "smoothness": 315271.6845293866, "planning_time": 15.000270014}, "KPIECE1": {"curvature": 6.168440129737127, "path_length": 46.41627669943353, "smoothness": 4584.4870544018095, "planning_time": 1.064729677}, "PRMstar": {"curvature": 6.53373679148011, "path_length": 21.797526430600477, "smoothness": 12413.328830011871, "planning_time": 6.199676674}, "RRT": {"curvature": 0.2500000000000571, "path_length": 39.27498970966832, "smoothness": 49672.76959926564, "planning_time": 15.000271126}, "RRT#": {"curvature": 0.25000000000017925, "path_length": 13.845781449866593, "smoothness": 95722.50719726573, "planning_time": 15.001000598}, "RRTstar": {"curvature": 5.561333917091168, "path_length": 15.702369033788127, "smoothness": 2.478189394650682e-08, "planning_time": 15.001246886}, "SBL": {"curvature": 6.513374259748394, "path_length": 51.558544352631586, "smoothness": 6706.6170024530875, "planning_time": 0.924437267}, "SORRTstar": {"curvature": 0.2500000000001601, "path_length": 12.771632158112503, "smoothness": 441902.32309931883, "planning_time": 15.000532702}, "SST": {"curvature": 0.25000000000066663, "path_length": 12.398960184957936, "smoothness": 73611.35841914327, "planning_time": 15.00129035}, "STRIDE": {"curvature": 6.544157341385028, "path_length": 61.18250324100431, "smoothness": 2624.894882476009, "planning_time": 15.00009789}, "Theta*": {"curvature": null, "path_length": null, "smoothness": null, "planning_time": null}, "kBITstar": {"curvature": null, "path_length": null, "smoothness": null, "planning_time": null}}, "1": {"BFMT": {"curvature": null, "path_length": null, "smoothness": null, "planning_time": null}, "CForest": {"curvature": 0.25000000001210515, "path_length": 99.94553051982814, "smoothness": 0.0035452621251593304, "planning_time": 15.011192147}, "EST": {"curvature": 0.25000000002952766, "path_length": 106.08094793020607, "smoothness": 0.0018109114780974014, "planning_time": 15.00070931}, "FMT": {"curvature": null, "path_length": null, "smoothness": null, "planning_time": null}, "InformedRRTstar": {"curvature": 0.25000000000878914, "path_length": 94.73605958073597, "smoothness": 491.7837145782267, "planning_time": 15.004402441}, "KPIECE1": {"curvature": 0.25000000001392847, "path_length": 115.88778183349103, "smoothness": 0.007846589078528384, "planning_time": 15.014917775}, "PRMstar": {"curvature": 0.25000000000232064, "path_length": 91.7244961318593, "smoothness": 0.006077202323298619, "planning_time": 15.058664462}, "RRT": {"curvature": 0.25000000002887157, "path_length": 100.2690093291194, "smoothness": 0.002641591115188711, "planning_time": 15.00029977}, "RRT#": {"curvature": 0.25000000001083256, "path_length": 55.893130378017176, "smoothness": 0.004077572879516005, "planning_time": 15.001828337}, "RRTstar": {"curvature": 0.25000000001824696, "path_length": 91.92362884850479, "smoothness": 0.003180130081069947, "planning_time": 15.003448493}, "SBL": {"curvature": null, "path_length": null, "smoothness": null, "planning_time": null}, "SORRTstar": {"curvature": 0.2500000000148142, "path_length": 93.92589213459317, "smoothness": 0.004283460509196544, "planning_time": 15.011854445}, "SST": {"curvature": 0.2500000000077178, "path_length": 128.65672497395713, "smoothness": 0.21682550086546404, "planning_time": 15.00126552}, "STRIDE": {"curvature": 0.25000000002688005, "path_length": 64.00705797924903, "smoothness": 0.006302922036060246, "planning_time": 15.000590636}, "Theta*": {"curvature": null, "path_length": null, "smoothness": null, "planning_time": null}, "kBITstar": {"curvature": null, "path_length": null, "smoothness": null, "planning_time": null}}, "2": {"BFMT": {"curvature": null, "path_length": null, "smoothness": null, "planning_time": null}, "CForest": {"curvature": 0.1522511241205401, "path_length": 0.08105179344480509, "smoothness": 0.0, "planning_time": 0.033224392}, "EST": {"curvature": 0.25240098177399345, "path_length": 0.13992621764708957, "smoothness": 0.0, "planning_time": 0.001689297}, "FMT": {"curvature": null, "path_length": null, "smoothness": null, "planning_time": 1.12092852}, "InformedRRTstar": {"curvature": 0.23418187540725488, "path_length": 0.07111814291397328, "smoothness": 0.0, "planning_time": 0.055059178}, "KPIECE1": {"curvature": 0.38482456477457244, "path_length": 0.08092464665915712, "smoothness": 0.0, "planning_time": 0.001362614}, "PRMstar": {"curvature": 2.402602607657652, "path_length": 0.8966935433628386, "smoothness": 199563280.57535022, "planning_time": 15.129656528}, "RRT": {"curvature": 0.28590518386888397, "path_length": 0.1219074207942368, "smoothness": 0.0, "planning_time": 0.110404424}, "RRT#": {"curvature": 0.27499582490128044, "path_length": 0.25233259068439495, "smoothness": 208459.76522145368, "planning_time": 0.041402882}, "RRTstar": {"curvature": 0.051229209127752605, "path_length": 0.06251099311654248, "smoothness": 0.0, "planning_time": 0.107854465}, "SBL": {"curvature": 2.5264472734940675, "path_length": 0.4598324544794799, "smoothness": 77310952.56255607, "planning_time": 5.428716677}, "SORRTstar": {"curvature": 0.22226904389002347, "path_length": 0.22643451306417686, "smoothness": 0.0, "planning_time": 0.13324866}, "SST": {"curvature": null, "path_length": null, "smoothness": null, "planning_time": null}, "STRIDE": {"curvature": 0.46829645664118424, "path_length": 0.03727085677581738, "smoothness": 0.0, "planning_time": 0.000770645}, "Theta*": {"curvature": null, "path_length": null, "smoothness": null, "planning_time": null}, "kBITstar": {"curvature": null, "path_length": null, "smoothness": null, "planning_time": null}}, "3": {}, "4": {}, "5": {}, "6": {"BFMT": {"curvature": null, "path_length": null, "smoothness": null, "planning_time": null}, "CForest": {"curvature": 0.1513776795215456, "path_length": 4847.239861313749, "smoothness": 14977.792635533651, "planning_time": 15.048805967}, "EST": {"curvature": null, "path_length": null, "smoothness": null, "planning_time": null}, "FMT": {"curvature": null, "path_length": null, "smoothness": null, "planning_time": null}, "InformedRRTstar": {"curvature": 0.042133959850272386, "path_length": 3673.9864078118408, "smoothness": 7588.47919822045, "planning_time": 15.016084418}, "KPIECE1": {"curvature": 1.9253792127282638, "path_length": 13707.126894472753, "smoothness": 13.424131986519038, "planning_time": 15.07658241}, "PRMstar": {"curvature": 0.8305777510574496, "path_length": 11172.037852439184, "smoothness": 4976.480609132083, "planning_time": 15.648578047}, "RRT": {"curvature": 0.03746527025095272, "path_length": 1864.5662036858673, "smoothness": 24933.945036061883, "planning_time": 15.006770962}, "RRT#": {"curvature": 0.14260902745761084, "path_length": 6874.228244061161, "smoothness": 56502.5251881256, "planning_time": 15.044093799}, "RRTstar": {"curvature": 0.16970967979693513, "path_length": 7101.003285526825, "smoothness": 22140.62366853625, "planning_time": 15.000622937}, "SBL": {"curvature": null, "path_length": null, "smoothness": null, "planning_time": null}, "SORRTstar": {"curvature": 0.04623309640713602, "path_length": 4624.820102920304, "smoothness": 31630.023491980803, "planning_time": 15.010074134}, "SST": {"curvature": 6.501898216551192, "path_length": 12358.395131967256, "smoothness": 12869.304336011315, "planning_time": 15.001312564},