{"0": {"BFMT": {"curvature": null, "path_length": null, "smoothness": null, "planning_time": null}, "CForest": {"curvature": 4.217671582421, "path_length": 163.000236687539, "smoothness": 3.16368894509172e-08, "planning_time": 15.033110957}, "InformedRRTstar": {"curvature": 4.23707620521081, "path_length": 149.784564227304, "smoothness": 3.54049376853337e-08, "planning_time": 15.005410784}, "KPIECE1": {"curvature": 4.72120405616212, "path_length": 432.725464856819, "smoothness": 436.31402255755, "planning_time": 0.358127494}, "RRT#": {"curvature": 6.07765452358093, "path_length": 160.85612143746, "smoothness": 30.4489979609716, "planning_time": 15.001885594}, "RRTstar": {"curvature": 4.45540543471609, "path_length": 165.968371663117, "smoothness": 5434.22745487904, "planning_time": 15.006114156}, "SORRTstar": {"curvature": null, "path_length": null, "smoothness": null, "planning_time": null}, "SST": {"curvature": 4.40082533410208, "path_length": 233.921465112446, "smoothness": 364.089620310418, "planning_time": 15.000650379}, "STRIDE": {"curvature": 3.67939647880772, "path_length": 543.140142481612, "smoothness": 374.86487732548, "planning_time": 4.616289953}, "Theta*": {"curvature": 6.16849239487232, "path_length": 164.483439780785, "smoothness": 2020.68916715079, "planning_time": 0.015457}, "kBITstar": {"curvature": null, "path_length": null, "smoothness": null, "planning_time": null}}, "1": {"BFMT": {"curvature": null, "path_length": null, "smoothness": null, "planning_time": null}, "CForest": {"curvature": 0.250000000152338, "path_length": 187.857466542379, "smoothness": 0.00234416984806756, "planning_time": 15.016732842}, "InformedRRTstar": {"curvature": 0.250000000000089, "path_length": 25.2106595973156, "smoothness": 2.86981356013428, "planning_time": 15.000050679}, "KPIECE1": {"curvature": 0.25000000002014, "path_length": 898.772966617326, "smoothness": 0.0376046127658914, "planning_time": 5.366356181}, "RRT#": {"curvature": 0.250000000033294, "path_length": 173.511659499482, "smoothness": 0.000644936457141076, "planning_time": 15.0023031}, "RRTstar": {"curvature": 0.250000000163999, "path_length": 188.852554314487, "smoothness": 0.00156502332144213, "planning_time": 15.01139021}, "SORRTstar": {"curvature": 0.250000000000069, "path_length": 28.9807830283256, "smoothness": 0.50962911161441, "planning_time": 15.000636002}, "SST": {"curvature": null, "path_length": null, "smoothness": null, "planning_time": null}, "STRIDE": {"curvature": 0.250000000355429, "path_length": 355.626865056873, "smoothness": 0.00190946404097472, "planning_time": 7.508951278}, "Theta*": {"curvature": 0.250000000098462, "path_length": 289.333654616723, "smoothness": 7.92883172486684e-05, "planning_time": 0.016192}, "kBITstar": {"curvature": null, "path_length": null, "smoothness": null, "planning_time": null}}, "2": {"BFMT": {"curvature": null, "path_length": null, "smoothness": null, "planning_time": null}, "CForest": {"curvature": 1.65863173755981, "path_length": 3.92041848081976, "smoothness": 111660.803638119, "planning_time": 15.009150264}, "InformedRRTstar": {"curvature": 2.05472837653347, "path_length": 5.58474336181497, "smoothness": 464720.83442965, "planning_time": 15.00235225}, "KPIECE1": {"curvature": 2.02630726919912, "path_length": 38.947460202251, "smoothness": 1217876.82047805, "planning_time": 1.306256052}, "RRT#": {"curvature": 1.80343405738113, "path_length": 1.23410747511015, "smoothness": 0.0, "planning_time": 15.000242904}, "RRTstar": {"curvature": 1.56568851794526, "path_length": 0.314222546818685, "smoothness": 0.0, "planning_time": 15.001110226}, "SORRTstar": {"curvature": null, "path_length": null, "smoothness": null, "planning_time": null}, "SST": {"curvature": null, "path_length": null, "smoothness": null, "planning_time": null}, "STRIDE": {"curvature": 2.18509409877669, "path_length": 3.79454825992736, "smoothness": 194455.848170194, "planning_time": 15.002630036}, "Theta*": {"curvature": 1.98328682096914, "path_length": 13.0250167884147, "smoothness": 529904.584313445, "planning_time": 0.007622}, "kBITstar": {"curvature": null, "path_length": null, "smoothness": null, "planning_time": null}}, "3": {}, "4": {}, "5": {}, "6": {"BFMT": {"curvature": null, "path_length": null, "smoothness": null, "planning_time": null}, "CForest": {"curvature": 0.130145723559626, "path_length": 1354.91554215243, "smoothness": 182692.765233572, "planning_time": 15.015691953}, "InformedRRTstar": {"curvature": null, "path_length": null, "smoothness": null, "planning_time": null}, "KPIECE1": {"curvature": 6.09375504521737, "path_length": 5813.02794191853, "smoothness": 126.834426253778, "planning_time": 15.153023364}, "RRT#": {"curvature": null, "path_length": null, "smoothness": null, "planning_time": null}, "RRTstar": {"curvature": null, "path_length": null, "smoothness": null, "planning_time": null}, "SORRTstar": {"curvature": null, "path_length": null, "smoothness": null, "planning_time": null}, "SST": {"curvature": null, "path_length": null, "smoothness": null, "planning_time": null}, "STRIDE": {"curvature": 6.44701555124688, "path_length": 3231.11699023402, "smoothness": 101.782806993664, "planning_time": 15.182912607}, "Theta*": {"curvature": 3.51281914178182, "path_length": 3663.33807557305, "smoothness": 16.0195213183027, "planning_time": 0.013827}, "kBITstar": {"curvature": null, "path_length": null, "smoothness": null, "planning_time": null}}, "7": {"BFMT": {"curvature": null, "path_length": null, "smoothness": null, "planning_time": null}, "CForest": {"curvature": null, "path_length": null, "smoothness": null, "planning_time": null}, "InformedRRTstar": {"curvature": null, "path_length": null, "smoothness": null, "planning_time": null}, "KPIECE1": {"curvature": 5.16525154717673, "path_length": 5544.72790725422, "smoothness": 83.5644130502168, "planning_time": 15.018742197}, "RRT#": {"curvature": null, "path_length": null, "smoothness": null, "planning_time": null}, "RRTstar": {"curvature": null, "path_length": null, "smoothness": null, "planning_time": null}, "SORRTstar": {"curvature": null, "path_length": null, "smoothness": null, "planning_time": null}, "SST": {"curvature": 4.90200073148566, "path_length": 5589.40658243124, "smoothness": 803.381187805251, "planning_time": 15.018990548}, "STRIDE": {"curvature": 5.22750039285004, "path_length": 5516.11634505484, "smoothness": 438.38481333009, "planning_time": 15.053887845}, "Theta*": {"curvature": 3.73099654293834, "path_length": 3130.71465294598, "smoothness": 71.4697732425845, "planning_time": 0.014267}, "kBITstar": {"curvature": null, "path_length": null, "smoothness": null, "planning_time": null}}}