{"0": {"BFMT": {"curvature": 4.56481559427283, "path_length": 154.585526581047, "smoothness": 2986.6409557315, "planning_time": 2.703020052}, "CForest": {"curvature": 0.200000000075221, "path_length": 133.940271696246, "smoothness": 8.17072424691441e-08, "planning_time": 15.012166934}, "EST": {"curvature": 3.95661970059447, "path_length": 251.037872042664, "smoothness": 154.953508656571, "planning_time": 0.205407535}, "FMT": {"curvature": 3.1691192816283, "path_length": 148.617913488816, "smoothness": 3352.64676423532, "planning_time": 2.208183546}, "InformedRRTstar": {"curvature": 0.20000000010732, "path_length": 134.79861825612, "smoothness": 713.484816144539, "planning_time": 15.001646174}, "KPIECE1": {"curvature": 3.78545330539234, "path_length": 261.264462287547, "smoothness": 312.553235831398, "planning_time": 0.009303165}, "PRMstar": {"curvature": 4.0546381627334, "path_length": 138.932017847292, "smoothness": 1335.79538407428, "planning_time": 15.046259671}, "RRT": {"curvature": 4.63154323129643, "path_length": 218.837888935654, "smoothness": 310.184272577489, "planning_time": 0.568524822}, "RRT#": {"curvature": 0.200000000126489, "path_length": 137.083621268268, "smoothness": 2498.51564655496, "planning_time": 15.007268099}, "RRTstar": {"curvature": 0.200000000125006, "path_length": 133.501857559382, "smoothness": 5.82267971731258e-08, "planning_time": 15.012983826}, "SBPL": {"curvature": 0.55352346630071, "path_length": 226.352422077376, "smoothness": 7511.00602799148, "planning_time": 7.950678}, "SORRTstar": {"curvature": 3.25600459674552, "path_length": 136.118012120036, "smoothness": 2600.21660918298, "planning_time": 15.001894783}, "SST": {"curvature": 5.19743563714582, "path_length": 192.633612917873, "smoothness": 77.2841760712553, "planning_time": 15.002143583}, "STRIDE": {"curvature": 6.32344484228253, "path_length": 317.310438852037, "smoothness": 420.821670423584, "planning_time": 0.033217114}, "Theta*": {"curvature": 3.63241700392449, "path_length": 141.019633636992, "smoothness": 1328.99613430487, "planning_time": 0.035034}, "kBITstar": {"curvature": 1.44479864450523, "path_length": 145.245945243491, "smoothness": 994.392807463123, "planning_time": 15.002905017}}, "1": {}, "2": {}, "3": {}, "4": {}, "5": {}, "6": {}, "7": {}}