{"0": {"BFMT": {"curvature": 0.328403456634067, "path_length": 69.353998310828, "smoothness": 4345.70516282788, "planning_time": 0.978175193}, "CForest": {"curvature": 0.250000000021823, "path_length": 69.80642381868, "smoothness": 4.84534810533169e-07, "planning_time": 0.03097136}, "InformedRRTstar": {"curvature": 0.250000000050644, "path_length": 76.8821267459841, "smoothness": 11474.1735953383, "planning_time": 0.135837852}, "KPIECE1": {"curvature": 3.98502369504784, "path_length": 251.529095978782, "smoothness": 649.500812669, "planning_time": 0.011964287}, "RRT#": {"curvature": 5.98055737225469, "path_length": 83.1318224205193, "smoothness": 1.78360170310907e-07, "planning_time": 0.104823166}, "RRTstar": {"curvature": 5.56802636069598, "path_length": 89.2688313246476, "smoothness": 1627.57093400769, "planning_time": 0.05898026}, "SORRTstar": {"curvature": 6.31928565986729, "path_length": 75.2545758442332, "smoothness": 1773.39197989713, "planning_time": 0.036842847}, "SST": {"curvature": 6.2633418435405, "path_length": 114.59537481497, "smoothness": 10182.0268715093, "planning_time": 15.002710853}, "STRIDE": {"curvature": 4.74275887285048, "path_length": 140.365719247874, "smoothness": 0.139350553509618, "planning_time": 0.065551073}, "Theta*": {"curvature": 5.36260213932722, "path_length": 70.4051687797317, "smoothness": 2.9280599462397e-07, "planning_time": 0.033845}, "kBITstar": {"curvature": 5.87806204419427, "path_length": 80.9301958803929, "smoothness": 349.660638701821, "planning_time": 0.100168656}}, "1": {"BFMT": {"curvature": null, "path_length": null, "smoothness": null, "planning_time": null}, "CForest": {"curvature": 0.250000000072744, "path_length": 82.1176312130332, "smoothness": 0.00984551728414649, "planning_time": 0.036377641}, "InformedRRTstar": {"curvature": 0.250000000026915, "path_length": 88.2304746788803, "smoothness": 0.000341776402200374, "planning_time": 0.051933061}, "KPIECE1": {"curvature": 0.250000000029719, "path_length": 380.923201344216, "smoothness": 0.000856834405838609, "planning_time": 0.031352752}, "RRT#": {"curvature": 0.250000000038535, "path_length": 69.9433169607607, "smoothness": 7.72095413331896e-09, "planning_time": 0.008511947}, "RRTstar": {"curvature": 0.250000000052072, "path_length": 67.3696326813309, "smoothness": 0.000773587411687819, "planning_time": 0.014522392}, "SORRTstar": {"curvature": 0.250000000021451, "path_length": 68.4126260742043, "smoothness": 0.000281586209835551, "planning_time": 0.020032213}, "SST": {"curvature": 0.250000000047763, "path_length": 78.0498462914664, "smoothness": 0.0010171939184862, "planning_time": 0.962251035}, "STRIDE": {"curvature": 0.250000000018398, "path_length": 193.779847402214, "smoothness": 0.00440124410795795, "planning_time": 1.65237336}, "Theta*": {"curvature": 0.250000000039521, "path_length": 70.5139455454111, "smoothness": 0.00204306633660169, "planning_time": 0.017258}, "kBITstar": {"curvature": 0.250000000015245, "path_length": 70.1784963742979, "smoothness": 1.82086730442543e-08, "planning_time": 0.013392818}}, "2": {"BFMT": {"curvature": null, "path_length": null, "smoothness": null, "planning_time": null}, "CForest": {"curvature": 1.63191711126419, "path_length": 6.85276358695651, "smoothness": 450087.187002247, "planning_time": 0.210250942}, "InformedRRTstar": {"curvature": 1.30578634286153, "path_length": 4.77401698659252, "smoothness": 182177.002449851, "planning_time": 15.008183}, "KPIECE1": {"curvature": 1.99065608871642, "path_length": 18.2829501403362, "smoothness": 942735.511889946, "planning_time": 0.067467719}, "RRT#": {"curvature": 2.05017718505908, "path_length": 6.97676026022201, "smoothness": 546247.301402569, "planning_time": 0.628034312}, "RRTstar": {"curvature": 1.14684071514428, "path_length": 5.44252651900675, "smoothness": 398865.653679602, "planning_time": 15.040927501}, "SORRTstar": {"curvature": 1.37762349196625, "path_length": 2.20481064503821, "smoothness": 6434.93119285953, "planning_time": 15.027512961}, "SST": {"curvature": null, "path_length": null, "smoothness": null, "planning_time": null}, "STRIDE": {"curvature": 1.78263482352306, "path_length": 6.98378745204149, "smoothness": 749362.798724239, "planning_time": 15.003529363}, "Theta*": {"curvature": 1.72270309936386, "path_length": 6.61918487840936, "smoothness": 596748.783699887, "planning_time": 0.006795}, "kBITstar": {"curvature": 1.87699748306504, "path_length": 9.26460603124249, "smoothness": 631859.848500464, "planning_time": 0.824934183}}, "3": {}, "4": {}, "5": {}, "6": {"BFMT": {"curvature": null, "path_length": null, "smoothness": null, "planning_time": null}, "CForest": {"curvature": 1.0009201473106, "path_length": 1166.06585601497, "smoothness": 92.1493773844567, "planning_time": 12.588632713}, "InformedRRTstar": {"curvature": 0.397705879342059, "path_length": 664.572004964795, "smoothness": 51.759229924004, "planning_time": 15.029612366}, "KPIECE1": {"curvature": 6.16137626455981, "path_length": 5348.43273781451, "smoothness": 432.78768172973, "planning_time": 13.183985518}, "RRT#": {"curvature": 0.711523551564959, "path_length": 1024.41090828575, "smoothness": 67.8042131840453, "planning_time": 5.912563767}, "RRTstar": {"curvature": 4.37248422960088, "path_length": 1542.30318850552, "smoothness": 73.3115094582665, "planning_time": 12.143398798}, "SORRTstar": {"curvature": 5.12996672463127, "path_length": 1440.73396173914, "smoothness": 83.8103857832992, "planning_time": 1.806709947}, "SST": {"curvature": 5.05367192690571, "path_length": 6089.86414687715, "smoothness": 70.8716531721008, "planning_time": 15.108796289}, "STRIDE": {"curvature": 3.83774948240624, "path_length": 2098.32829021217, "smoothness": 102.446099633996, "planning_time": 15.074906487}, "Theta*": {"curvature": 6.13866170439508, "path_length": 526.385430394647, "smoothness": 33.9214159900274, "planning_time": 0.014743}, "kBITstar": {"curvature": null, "path_length": null, "smoothness": null, "planning_time": null}}, "7": {"BFMT": {"curvature": null, "path_length": null, "smoothness": null, "planning_time": null}, "CForest": {"curvature": 0.642438530567394, "path_length": 706.20294578951, "smoothness": 28.4626461538842, "planning_time": 1.868622926}, "InformedRRTstar": {"curvature": 3.41627336783824, "path_length": 2471.76814457436, "smoothness": 74.8162895689396, "planning_time": 7.233924826}, "KPIECE1": {"curvature": 4.90441635980161, "path_length": 4951.36204001521, "smoothness": 78.8862119684334, "planning_time": 1.430419643}, "RRT#": {"curvature": 0.866394008745724, "path_length": 1439.38054579838, "smoothness": 52.937387970173, "planning_time": 2.73647274}, "RRTstar": {"curvature": 5.17102565375649, "path_length": 1667.68977612719, "smoothness": 50.1068620749302, "planning_time": 3.387169885}, "SORRTstar": {"curvature": 6.44245103318314, "path_length": 1059.17083252764, "smoothness": 35.9737102153842, "planning_time": 2.470685187}, "SST": {"curvature": 6.1667428647202, "path_length": 5476.42941626503, "smoothness": 998.950764758721, "planning_time": 15.044218991}, "STRIDE": {"curvature": 5.23442236501727, "path_length": 2098.35493405257, "smoothness": 6552.05699970984, "planning_time": 15.05562117}, "Theta*": {"curvature": 6.13866170439508, "path_length": 603.594123453913, "smoothness": 19.3241357405561, "planning_time": 0.01512}, "kBITstar": {"curvature": 5.67279884964333, "path_length": 3004.48527845382, "smoothness": 90.7616777211481, "planning_time": 9.695402101}}}