{"BFMT": {"curvature": 0.0, "path_length": 0.0, "smoothness": 0.0, "planning_time": 0.0}, "CForest": {"curvature": 3.084976963702477, "path_length": 454.45872913397096, "smoothness": 15217.155801687595, "planning_time": 6.599593642284053}, "EST": {"curvature": 2.9609328560580663, "path_length": 2003.4903149699396, "smoothness": 17799.590427968058, "planning_time": 6.668842874779479}, "FMT": {"curvature": 0.09217435704008196, "path_length": 0.1189887943097735, "smoothness": 9607.631268915064, "planning_time": 0.65175374765725}, "InformedRRTstar": {"curvature": 2.976825769789702, "path_length": 822.4495791746738, "smoothness": 315464.2986328231, "planning_time": 8.104561557741647}, "KPIECE1": {"curvature": 2.648179761946985, "path_length": 1206.9302076495087, "smoothness": 43753.912294116664, "planning_time": 6.696916565674936}, "PRMstar": {"curvature": 2.95123928964531, "path_length": 861.5879417450054, "smoothness": 21690314.221401706, "planning_time": 1.2995357217789576}, "RRT": {"curvature": 3.256990275866266, "path_length": 665.795675757145, "smoothness": 553181.4206376316, "planning_time": 6.641382857936248}, "RRT#": {"curvature": 3.0947154120154186, "path_length": 546.5344695512105, "smoothness": 41307.16934274502, "planning_time": 8.133540924918995}, "RRTstar": {"curvature": 3.07478971919698, "path_length": 537.9904540780033, "smoothness": 18401.460063812472, "planning_time": 8.216336619235593}, "SBL": {"curvature": 0.7983977812001443, "path_length": 2483.85101439263, "smoothness": 17924577.666731957, "planning_time": 1.5945588914665594}, "SORRTstar": {"curvature": 2.7594450868520037, "path_length": 419.56591134163074, "smoothness": 3467214.1718294597, "planning_time": 8.13142057865433}, "SST": {"curvature": 3.0533656394315694, "path_length": 402.01382201790796, "smoothness": 43011.11883688583, "planning_time": 8.646199769393508}, "STRIDE": {"curvature": 2.407897731607921, "path_length": 919.9748556787985, "smoothness": 25246.008512711145, "planning_time": 6.399396019968425}, "Theta*": {"curvature": null, "path_length": null, "smoothness": null, "planning_time": null}, "kBITstar": {"curvature": 2.5065000549281797, "path_length": 386.1121879982114, "smoothness": 67829431.96472545, "planning_time": 0.9175497079610747}}