{"BFMT": {"curvature": 0.0, "path_length": 0.0, "smoothness": 0.0, "planning_time": 0.0}, "CForest": {"curvature": 1.707892230952961, "path_length": 486.6899531790439, "smoothness": 96891.80705033753, "planning_time": 0.5158940851975553}, "InformedRRTstar": {"curvature": 2.020552334346758, "path_length": 742.2195464763937, "smoothness": 184858.6713806626, "planning_time": 0.017717379124899135}, "KPIECE1": {"curvature": 1.7791362974025744, "path_length": 2407.836474272632, "smoothness": 371733.3309480218, "planning_time": 7.979374248832096}, "RRT#": {"curvature": 1.9416011883328077, "path_length": 607.1631545627719, "smoothness": 267914.4657127463, "planning_time": 0.10264973200155193}, "RRTstar": {"curvature": 1.392586475845187, "path_length": 766.7596155009031, "smoothness": 17.573632375001, "planning_time": 0.1258249399438208}, "SORRTstar": {"curvature": 1.0574906234362529, "path_length": 789.360490978084, "smoothness": 177813.79180243786, "planning_time": 0.022219269716204988}, "SST": {"curvature": 2.7730443978238806, "path_length": 3096.8954074241014, "smoothness": 171.81283371399724, "planning_time": 0.012590051381600057}, "STRIDE": {"curvature": 2.323038231800958, "path_length": 1548.8014817931396, "smoothness": 300239.63021835795, "planning_time": 7.50995604998692}, "Theta*": {"curvature": 1.589217543267842, "path_length": 1270.0764899989165, "smoothness": 287821.03846766514, "planning_time": 0.006996575398007225}, "kBITstar": {"curvature": 0.0, "path_length": 0.0, "smoothness": 0.0, "planning_time": 0.0}}