{"BFMT": {"curvature": 1.0125578593162032, "path_length": 115.78207669408656, "smoothness": 0.005320115782377055, "planning_time": 0.9181147137503237}, "CForest": {"curvature": 0.3071472445607477, "path_length": 204.90422664039014, "smoothness": 509942655.26747626, "planning_time": 8.595339999428314}, "EST": {"curvature": 1.59936290280286, "path_length": 345.6112538915524, "smoothness": 9078039.541446052, "planning_time": 0.440951909642664}, "FMT": {"curvature": 2.5893606847532238e-09, "path_length": 3.5049935140555, "smoothness": 10.773540643173074, "planning_time": 1.5002518137640823}, "InformedRRTstar": {"curvature": 0.6512612003349543, "path_length": 208.74631798924017, "smoothness": 8990950.202074442, "planning_time": 8.660542529046127}, "KPIECE1": {"curvature": 0.9441320452121058, "path_length": 605.4882238966696, "smoothness": 9054895.471095324, "planning_time": 0.00655256779471651}, "PRMstar": {"curvature": 1.4125482962158629, "path_length": 213.53628600631754, "smoothness": 440272403.1520438, "planning_time": 7.326656579228096}, "RRT": {"curvature": 1.3962387210427534, "path_length": 334.78380154294234, "smoothness": 1089359.407100027, "planning_time": 0.06358916080164673}, "RRT#": {"curvature": 0.5696199591895379, "path_length": 205.10747428315221, "smoothness": 9221916.713999838, "planning_time": 8.643455488046568}, "RRTstar": {"curvature": 0.33953883644492255, "path_length": 205.99179121991028, "smoothness": 476448671.17446077, "planning_time": 8.617778677051513}, "SBL": {"curvature": 2.4871701109378614, "path_length": 417.3529496000203, "smoothness": 427595081.4095719, "planning_time": 0.03067420322655277}, "SBPL": {"curvature": null, "path_length": null, "smoothness": null, "planning_time": null}, "SORRTstar": {"curvature": 0.5479692932003981, "path_length": 206.08132496013772, "smoothness": 482010905.4538675, "planning_time": 7.6890601075865845}, "SST": {"curvature": 2.081359567905768, "path_length": 147.4320081356544, "smoothness": 43.71479838373795, "planning_time": 0.0032277692149555743}, "STRIDE": {"curvature": 1.3888919294933746, "path_length": 399.0492159269733, "smoothness": 441957740.5509442, "planning_time": 0.11989338982341884}, "Theta*": {"curvature": 1.8341097809556426, "path_length": 245.0913680576108, "smoothness": 398767609.8633677, "planning_time": 0.17318525065470583}, "kBITstar": {"curvature": 0.45948925071597063, "path_length": 5.486786177660712, "smoothness": 110.14769812476054, "planning_time": 0.0063097542248325015}}