{"BFMT": {"curvature": null, "path_length": null, "smoothness": null, "planning_time": null}, "CForest": {"curvature": 0.34998569569453536, "path_length": 174.6337597747421, "smoothness": 454468898.87645125, "planning_time": 8.649395263027472}, "EST": {"curvature": 1.6193137317466255, "path_length": 361.7089107434539, "smoothness": 9121389.679108206, "planning_time": 8.658026305290962}, "FMT": {"curvature": null, "path_length": null, "smoothness": null, "planning_time": 0.0}, "InformedRRTstar": {"curvature": 0.6936178159958547, "path_length": 172.67856001490762, "smoothness": 455348902.8755239, "planning_time": 8.651637833959017}, "KPIECE1": {"curvature": 1.1457763803482859, "path_length": 754.2966761084491, "smoothness": 5961415.367154263, "planning_time": 8.659607186767024}, "PRMstar": {"curvature": 1.2635997516279527, "path_length": 184.4726074950983, "smoothness": 455090531.24557585, "planning_time": 0.2115100641612501}, "RRT": {"curvature": 1.1699010997655603, "path_length": 218.36001954107726, "smoothness": 468042878.3690657, "planning_time": 8.658587379808973}, "RRT#": {"curvature": 0.13072186140461806, "path_length": 173.68975717034556, "smoothness": 9002292.692090724, "planning_time": 8.658315547362744}, "RRTstar": {"curvature": 1.5917046485320796, "path_length": 164.92694057096162, "smoothness": 14162720.90692799, "planning_time": 8.65900557892146}, "SBL": {"curvature": 1.0716284150188657, "path_length": 602.5493600946681, "smoothness": 525620183.5427648, "planning_time": 1.329011703752953}, "SBPL": {"curvature": null, "path_length": null, "smoothness": null, "planning_time": null}, "SORRTstar": {"curvature": 0.6559559251426825, "path_length": 169.6144182384281, "smoothness": 450261497.4422882, "planning_time": 8.307388472147451}, "SST": {"curvature": 3.7825828837004387, "path_length": 45.79058747724355, "smoothness": 177.69072726858423, "planning_time": 0.0008360151758241923}, "STRIDE": {"curvature": 2.348040613225199, "path_length": 545.0099544908772, "smoothness": 9143227.200884236, "planning_time": 8.659438084666318}, "Theta*": {"curvature": null, "path_length": null, "smoothness": null, "planning_time": null}, "kBITstar": {"curvature": null, "path_length": null, "smoothness": null, "planning_time": null}}