{"BFMT": {"curvature": 4.266265295666723, "path_length": 77.42215711612188, "smoothness": 5690.557444971967, "planning_time": 1.8591353781023674}, "CForest": {"curvature": 2.179903231798427, "path_length": 550.2076566518771, "smoothness": 15683.768283398435, "planning_time": 2.777959839929559}, "EST": {"curvature": 2.9121620898884486, "path_length": 1438.089309457229, "smoothness": 62205.05981792073, "planning_time": 8.1776396391726}, "FMT": {"curvature": 0.0, "path_length": 0.0, "smoothness": 0.0, "planning_time": 0.02345730721485498}, "InformedRRTstar": {"curvature": 2.8660225309799148, "path_length": 756.6155169298081, "smoothness": 12203.118624136892, "planning_time": 8.03712957646561}, "KPIECE1": {"curvature": 2.894476178966622, "path_length": 3006.9429421528157, "smoothness": 1214.8160005554762, "planning_time": 2.8888923979565093}, "PRMstar": {"curvature": 2.335785774784845, "path_length": 1096.3589748803215, "smoothness": 6522320.723410201, "planning_time": 4.210110762618126}, "RRT": {"curvature": 2.8715113985875886, "path_length": 143.90365964897774, "smoothness": 2767519.554710271, "planning_time": 8.206114255138413}, "RRT#": {"curvature": 3.2442628148961794, "path_length": 160.67689786200313, "smoothness": 29929.99034700358, "planning_time": 8.215356395948362}, "RRTstar": {"curvature": 2.5576955356141022, "path_length": 341.5482942886341, "smoothness": 6069.039330651016, "planning_time": 8.09346556355946}, "SBL": {"curvature": 2.548961148323276, "path_length": 2459.413816601372, "smoothness": 20134467.826292813, "planning_time": 4.298392519300748}, "SORRTstar": {"curvature": 3.2321246202776197, "path_length": 523.518113540326, "smoothness": 460049.47471875045, "planning_time": 6.3139952040796645}, "SST": {"curvature": 3.5316802446764965, "path_length": 543.3744958757622, "smoothness": 29198.9317343939, "planning_time": 6.804874988106138}, "STRIDE": {"curvature": 2.6306654494305337, "path_length": 1437.3064559530694, "smoothness": 6471.202306131932, "planning_time": 8.205901083551717}, "Theta*": {"curvature": null, "path_length": null, "smoothness": null, "planning_time": null}, "kBITstar": {"curvature": 0.0, "path_length": 0.0, "smoothness": 0.0, "planning_time": 0.0}}