{"BFMT": {"curvature": 0.0, "path_length": 0.0, "smoothness": 0.0, "planning_time": 0.0}, "CForest": {"curvature": 0.5814164617497884, "path_length": 511.1423777405045, "smoothness": 201271.6267705154, "planning_time": 5.444922392340044}, "InformedRRTstar": {"curvature": 1.354881785058069, "path_length": 1046.2773164183225, "smoothness": 80327.70650749937, "planning_time": 7.463962208801607}, "KPIECE1": {"curvature": 2.3517269829330814, "path_length": 2708.671301255134, "smoothness": 421474.39703999547, "planning_time": 5.75549756528744}, "RRT#": {"curvature": 2.33725763451464, "path_length": 662.6037500516055, "smoothness": 244275.72229254746, "planning_time": 2.5107885259653733}, "RRTstar": {"curvature": 2.435851178927135, "path_length": 851.2122202499613, "smoothness": 178183.70261220203, "planning_time": 7.02397773926405}, "SORRTstar": {"curvature": 2.8945909489127377, "path_length": 672.2868841602362, "smoothness": 2769.932390229982, "planning_time": 6.328915017907046}, "SST": {"curvature": 2.8424600527354755, "path_length": 3292.8603586274967, "smoothness": 4933.746473794829, "planning_time": 7.044964060180517}, "STRIDE": {"curvature": 2.099552362531432, "path_length": 1089.154302793795, "smoothness": 334393.1325756817, "planning_time": 7.790112791261561}, "Theta*": {"curvature": 2.748772554350282, "path_length": 285.0307141968291, "smoothness": 266868.21628840384, "planning_time": 0.009938139146741708}, "kBITstar": {"curvature": 2.8016023564260766, "path_length": 1475.851154039418, "smoothness": 315856.55527390423, "planning_time": 4.705373029905159}}