{"BFMT": {"curvature": 0.0, "path_length": 0.0, "smoothness": 0.0, "planning_time": 0.0}, "CForest": {"curvature": 2.613338121110532, "path_length": 690.5994255913578, "smoothness": 392703.7727066406, "planning_time": 7.443462566960937}, "InformedRRTstar": {"curvature": 2.540145525548685, "path_length": 806.3783279471616, "smoothness": 108760.11601379966, "planning_time": 6.024060499744697}, "KPIECE1": {"curvature": 2.4279861894397325, "path_length": 2472.253351361409, "smoothness": 515280.6190288727, "planning_time": 7.657015588710516}, "RRT#": {"curvature": 1.6568892310923986, "path_length": 535.7348304229031, "smoothness": 8113.554704892435, "planning_time": 8.024339201412253}, "RRTstar": {"curvature": 2.2788467181804823, "path_length": 793.8611276350507, "smoothness": 105028.70082945845, "planning_time": 7.9614779149431465}, "SORRTstar": {"curvature": 0.18408587962690437, "path_length": 602.7934418146883, "smoothness": 176596.77829905308, "planning_time": 8.135909488523902}, "SST": {"curvature": 2.708600033958666, "path_length": 3012.7066329599556, "smoothness": 234.30095080370268, "planning_time": 7.472360184245706}, "STRIDE": {"curvature": 2.452213485874861, "path_length": 788.3381915570992, "smoothness": 343191.38407938107, "planning_time": 8.024520078315257}, "Theta*": {"curvature": 1.8375904740864653, "path_length": 296.3657474504378, "smoothness": 175615.3951330082, "planning_time": 0.017773680015686116}, "kBITstar": {"curvature": 2.5242588492353506, "path_length": 1088.294183883173, "smoothness": 130497.22392556058, "planning_time": 6.041919917860419}}