{"BFMT": {"curvature": 7.772467950533758e-12, "path_length": 62.73476900009598, "smoothness": 283.02776682806956, "planning_time": 0.5828188386320631}, "CForest": {"curvature": 2.0373637500815066e-11, "path_length": 0.3038876987744056, "smoothness": 1006.9535406714901, "planning_time": 0.0022263617630108997}, "EST": {"curvature": 2.6364611209987334, "path_length": 44.03572719108748, "smoothness": 240.169440937356, "planning_time": 5.4536317605791406e-05}, "FMT": {"curvature": 9.158726133692544e-11, "path_length": 11.102530070769816, "smoothness": 5595.774617032739, "planning_time": 1.1947533208242869}, "InformedRRTstar": {"curvature": 1.9788621050709492e-11, "path_length": 4.013164149075938, "smoothness": 133.1813424034896, "planning_time": 0.0021683429445092345}, "KPIECE1": {"curvature": 2.561347328091293, "path_length": 143.9721019660542, "smoothness": 328.07728463751664, "planning_time": 0.003297716217750172}, "PDST": {"curvature": 2.330912161388172e-11, "path_length": 1.5964616037765669, "smoothness": 142.08576100361154, "planning_time": 0.0037298383641214267}, "PRM": {"curvature": 0.06290650890195494, "path_length": 28.61604650961541, "smoothness": 1453.544911144346, "planning_time": 0.0012126796444534179}, "PRMstar": {"curvature": 0.03381920132585286, "path_length": 85.63186582538174, "smoothness": 2819.8434366420756, "planning_time": 0.004565747473928086}, "RRT": {"curvature": 3.1064968281173098, "path_length": 20.65006417432365, "smoothness": 121.49011506757203, "planning_time": 0.0006443588325308345}, "RRT#": {"curvature": 8.967414292833073e-11, "path_length": 5.586233495633107, "smoothness": 348.4424332736305, "planning_time": 0.001198758833252205}, "RRTstar": {"curvature": 2.5809572358958564e-12, "path_length": 0.17724376133871536, "smoothness": 1054.3947335113178, "planning_time": 0.0011749364057937338}, "SBPL_ADstar": {"curvature": 0.0, "path_length": 7591.444855265289, "smoothness": 6164.505105088938, "planning_time": 2.1920310216706764e-05}, "SBPL_ARstar": {"curvature": 0.0, "path_length": 15748.094982898925, "smoothness": 12378.810183140406, "planning_time": 0.0002128391411373833}, "SBPL_MHA": {"curvature": 0.0, "path_length": 12954.287188827937, "smoothness": 11095.617576408595, "planning_time": 0.0409605745137931}, "SORRTstar": {"curvature": 3.076984060737462, "path_length": 1.3147708690329234, "smoothness": 5769.702226715666, "planning_time": 0.002728904673721293}, "SPARS": {"curvature": 1.4468996731619514, "path_length": 118.92878894737795, "smoothness": 6420.390027988642, "planning_time": 0.056143969420549084}, "SPARStwo": {"curvature": 2.8296580299386744, "path_length": 94.0990503002602, "smoothness": 736.2051721528404, "planning_time": 2.1394929878777584e-05}, "SST": {"curvature": 4.348870898332196, "path_length": 8.464813537260428, "smoothness": 355.50614105596424, "planning_time": 0.002249363239496316}, "Theta*": {"curvature": 8.286170801165916e-11, "path_length": 31.470112166550983, "smoothness": 4.30436928163295e-08, "planning_time": 0.0002121320343559642}, "kBITstar": {"curvature": 3.369736963902182, "path_length": 1.8751416528476748, "smoothness": 645.6261296990704, "planning_time": 0.09811629070163981}}