{"BFMT": {"curvature": 0.0, "path_length": 0.0, "smoothness": 0.0, "planning_time": 0.0}, "CForest": {"curvature": 2.051615549163708, "path_length": 1180.8300118999693, "smoothness": 6937314.4657251835, "planning_time": 6.905541381011063}, "EST": {"curvature": 2.543435663327369, "path_length": 2595.0213412145504, "smoothness": 416549.89749571483, "planning_time": 7.490077108171203}, "FMT": {"curvature": 0.0, "path_length": 0.0, "smoothness": 0.0, "planning_time": 0.3598962763063393}, "InformedRRTstar": {"curvature": 2.0092945019017487, "path_length": 994.4437850497595, "smoothness": 7333.934811456545, "planning_time": 7.538282739916849}, "KPIECE1": {"curvature": 2.373072207519674, "path_length": 2514.6671426694174, "smoothness": 1204881.259443376, "planning_time": 6.9049222667569525}, "PRMstar": {"curvature": 1.5955687048879261, "path_length": 793.4622175652873, "smoothness": 302263575.5961147, "planning_time": 0.09408264999100205}, "RRT": {"curvature": 2.673451465837683, "path_length": 1387.9895334833582, "smoothness": 107.48441401673315, "planning_time": 6.56479841653137}, "RRT#": {"curvature": 2.4251129192647496, "path_length": 816.8987804532842, "smoothness": 17497.149192633446, "planning_time": 6.9187943444066455}, "RRTstar": {"curvature": 2.128937447145084, "path_length": 1027.714003056495, "smoothness": 9092.513869731705, "planning_time": 6.650290783602928}, "SBL": {"curvature": 0.35762093347675933, "path_length": 3392.3652653065756, "smoothness": 406835074.904222, "planning_time": 5.495737303176967}, "SORRTstar": {"curvature": 2.526347277684535, "path_length": 864.766697205934, "smoothness": 1046.9115429795593, "planning_time": 6.43644214974688}, "SST": {"curvature": 2.2439494621425817, "path_length": 2567.51998097588, "smoothness": 3142.6120984385925, "planning_time": 0.008447524041472334}, "STRIDE": {"curvature": 2.743254485676604, "path_length": 1724.5236677220848, "smoothness": 5223.928380857208, "planning_time": 7.301216124144634}, "Theta*": {"curvature": null, "path_length": null, "smoothness": null, "planning_time": null}, "kBITstar": {"curvature": 1.7022109473736458, "path_length": 1603.2154736269092, "smoothness": 1815.1573060914998, "planning_time": 0.015006319397286928}}