{"BFMT": {"curvature": 0.0, "path_length": 0.0, "smoothness": 0.0, "planning_time": 0.0}, "CForest": {"curvature": 2.751377012827115, "path_length": 2207.2469061041593, "smoothness": 14876.664054394178, "planning_time": 7.744512102871108}, "EST": {"curvature": 2.8678957304019455, "path_length": 2527.686169776211, "smoothness": 16951.403994353157, "planning_time": 7.501041940490457}, "FMT": {"curvature": 0.0, "path_length": 0.0, "smoothness": 0.0, "planning_time": 0.45841689207967506}, "InformedRRTstar": {"curvature": 0.09502842010962169, "path_length": 2521.1006025914194, "smoothness": 135418.4046340996, "planning_time": 6.6861756357402555}, "KPIECE1": {"curvature": 3.0440111155822227, "path_length": 5925.714984550405, "smoothness": 2534.6208025311935, "planning_time": 7.952757781284999}, "PRMstar": {"curvature": 2.470651276722231, "path_length": 4911.307937082216, "smoothness": 89243893.99540767, "planning_time": 4.057765964032235}, "RRT": {"curvature": 2.7398391590051725, "path_length": 2068.9857602069537, "smoothness": 22214.792709752903, "planning_time": 6.659913665314863}, "RRT#": {"curvature": 0.055920364246139706, "path_length": 3182.9488564561025, "smoothness": 80359.58816713038, "planning_time": 6.695186131239087}, "RRTstar": {"curvature": 2.4044749925798223, "path_length": 3234.0725182725814, "smoothness": 9895.337193617112, "planning_time": 6.664012081450183}, "SBL": {"curvature": 2.8191831080760794, "path_length": 36.132245693081074, "smoothness": 54662356.52261364, "planning_time": 3.185006515169941}, "SORRTstar": {"curvature": 0.0916978283940877, "path_length": 2234.6593684486757, "smoothness": 194564.442084724, "planning_time": 6.65140451411958}, "SST": {"curvature": 3.035457884345902, "path_length": 5823.042138158033, "smoothness": 32858.95773667694, "planning_time": 0.0052783179768375755}, "STRIDE": {"curvature": 2.944737958269063, "path_length": 6991.222151131094, "smoothness": 14275.5010844414, "planning_time": 6.71681376975497}, "Theta*": {"curvature": null, "path_length": null, "smoothness": null, "planning_time": null}, "kBITstar": {"curvature": null, "path_length": null, "smoothness": null, "planning_time": null}}