{"BFMT": {"curvature": 0.0, "path_length": 0.0, "smoothness": 0.0, "planning_time": 0.0}, "CForest": {"curvature": 2.2290563383622086e-11, "path_length": 0.3414509315511916, "smoothness": 0.005160906201471308, "planning_time": 0.0027742493102783823}, "EST": {"curvature": 3.6689893100389015, "path_length": 31.538957361407334, "smoothness": 304.89169670680076, "planning_time": 1.3303469299523334}, "FMT": {"curvature": 2.9392170078871736e-11, "path_length": 12.780556218592087, "smoothness": 1776.706135415718, "planning_time": 2.7127073951705625}, "InformedRRTstar": {"curvature": 0.1122335584281816, "path_length": 10.877064527050342, "smoothness": 7095.629380802133, "planning_time": 0.001099280929954752}, "KPIECE1": {"curvature": 4.387614431356608, "path_length": 121.02599647172897, "smoothness": 592.7176321625233, "planning_time": 0.02486974169656649}, "PDST": {"curvature": 3.8264864080856715, "path_length": 22.177817857502237, "smoothness": 751.414654366143, "planning_time": 0.06857801648943165}, "PRM": {"curvature": 8.930524970516297e-11, "path_length": 49.683497486059814, "smoothness": 5587.834927849731, "planning_time": 0.0037031196272871124}, "PRMstar": {"curvature": 2.1297797239209957, "path_length": 11.739349281527325, "smoothness": 2951.4053747766375, "planning_time": 0.0072873852112582595}, "RRT": {"curvature": 4.305504266855572, "path_length": 9.757495943472364, "smoothness": 276.9227922662263, "planning_time": 0.1861114099049792}, "RRT#": {"curvature": 2.0891414741377507e-11, "path_length": 3.04266614227347, "smoothness": 2183.6877548853126, "planning_time": 0.0060772893349848025}, "RRTstar": {"curvature": 3.3340520837035293e-12, "path_length": 0.40946797006600527, "smoothness": 416.946679996219, "planning_time": 0.0022370433180482797}, "SBPL_ADstar": {"curvature": 4.60836424465062e-10, "path_length": 10126.5778923283, "smoothness": 8238.785832064912, "planning_time": 4.2426406864562385e-06}, "SBPL_ARstar": {"curvature": 0.0, "path_length": 11055.096369251787, "smoothness": 8921.839071131868, "planning_time": 0.001553513598267319}, "SBPL_MHA": {"curvature": 0.0, "path_length": 11023.609094726531, "smoothness": 9874.772496837084, "planning_time": 0.21308945693769077}, "SORRTstar": {"curvature": 3.008072968969809, "path_length": 0.7437791323564789, "smoothness": 50.38459896711082, "planning_time": 0.007230629285468032}, "SPARS": {"curvature": 0.0, "path_length": 0.0, "smoothness": 0.0, "planning_time": 0.0}, "SPARStwo": {"curvature": 0.0, "path_length": 0.0, "smoothness": 0.0, "planning_time": 0.0}, "SST": {"curvature": 3.6762046991204187, "path_length": 28.932787857192448, "smoothness": 1552.834079385826, "planning_time": 0.00034108356250695963}, "Theta*": {"curvature": 2.011147538256842, "path_length": 49.52155100161367, "smoothness": 9485.72076757829, "planning_time": 0.0063236559441512945}, "kBITstar": {"curvature": 2.1140922260709063, "path_length": 3.403486029714474, "smoothness": 1186.1504229596999, "planning_time": 0.09060061394475379}}