{"BFMT": {"curvature": null, "path_length": null, "smoothness": null, "planning_time": null}, "CForest": {"curvature": 1.900303665940289, "path_length": 623.6740320818578, "smoothness": 89784.51112879893, "planning_time": 0.010194572879538184}, "InformedRRTstar": {"curvature": 1.9965162669240906, "path_length": 78.2063751029751, "smoothness": 268305.87041599693, "planning_time": 0.0026889460422329435}, "KPIECE1": {"curvature": 2.42959737865419, "path_length": 2877.952335688178, "smoothness": 544578.787850793, "planning_time": 7.228481741449011}, "RRT#": {"curvature": 3.0178269005482132, "path_length": 96.01988068150787, "smoothness": 17.579550995160325, "planning_time": 0.0010891242089063654}, "RRTstar": {"curvature": 2.151237434743595, "path_length": 102.88479437442108, "smoothness": 3137.452232128848, "planning_time": 0.005140592253428924}, "SORRTstar": {"curvature": 0.0, "path_length": 0.0, "smoothness": 0.0, "planning_time": 0.0}, "SST": {"curvature": 0.3543845220537916, "path_length": 3786.899842999752, "smoothness": 310.62604629366433, "planning_time": 0.012968457868007315}, "STRIDE": {"curvature": 2.448270508747054, "path_length": 2380.411431290342, "smoothness": 86861.18753569249, "planning_time": 5.0441216385647}, "Theta*": {"curvature": 2.1994050676859875, "path_length": 1788.0324197411417, "smoothness": 236746.40496619203, "planning_time": 0.003402909416954851}, "kBITstar": {"curvature": null, "path_length": null, "smoothness": null, "planning_time": null}}