{"BFMT": {"curvature": 0.0, "path_length": 0.0, "smoothness": 0.0, "planning_time": 0.0}, "CForest": {"curvature": 1.7890108427211686e-10, "path_length": 0.507838332104417, "smoothness": 0.00751919053360334, "planning_time": 0.0065107139720465505}, "EST": {"curvature": 2.984502296608825, "path_length": 44.422431926369434, "smoothness": 426.718648580146, "planning_time": 0.1365562671283812}, "FMT": {"curvature": 0.0, "path_length": 0.0, "smoothness": 0.0, "planning_time": 0.0}, "InformedRRTstar": {"curvature": 7.341987850674136e-12, "path_length": 2.4858463692567865, "smoothness": 2523.5180457802967, "planning_time": 1.8890357659837802e-05}, "KPIECE1": {"curvature": 4.44363510493323, "path_length": 97.27874259728827, "smoothness": 613.7985627062941, "planning_time": 0.08256091590868007}, "PDST": {"curvature": 3.094668350322332, "path_length": 37.55915865024178, "smoothness": 1294.6949380462777, "planning_time": 0.18730118282525623}, "PRM": {"curvature": 4.158037080644254, "path_length": 7.0658037468687045, "smoothness": 4181.461809792627, "planning_time": 0.006918696200014491}, "PRMstar": {"curvature": 0.14197313348137713, "path_length": 15.282910835440024, "smoothness": 895.4381814651922, "planning_time": 0.0056723363524668925}, "RRT": {"curvature": 3.2990786704002777, "path_length": 28.850150209984438, "smoothness": 482.4027634394683, "planning_time": 0.9361864171195903}, "RRT#": {"curvature": 1.737118894438555e-11, "path_length": 0.5158862392325978, "smoothness": 2079.5944952009736, "planning_time": 0.005240296937588544}, "RRTstar": {"curvature": 2.6523654334399095e-10, "path_length": 0.6627568813493584, "smoothness": 152.53006768156246, "planning_time": 0.005157269166448121}, "SBPL_ADstar": {"curvature": 0.0, "path_length": 8071.916186949346, "smoothness": 6801.6924412394665, "planning_time": 0.00010253048327193604}, "SBPL_ARstar": {"curvature": 0.0, "path_length": 8389.169545641214, "smoothness": 7581.840910001841, "planning_time": 0.00022698127676057885}, "SBPL_MHA": {"curvature": 0.0, "path_length": 8071.916186949346, "smoothness": 6834.710844730743, "planning_time": 0.04615285960804591}, "SORRTstar": {"curvature": 5.549217029037533e-12, "path_length": 1.0398749962272975, "smoothness": 292.3350642762282, "planning_time": 0.0005726355775012346}, "SPARS": {"curvature": 0.0, "path_length": 0.0, "smoothness": 0.0, "planning_time": 0.0}, "SPARStwo": {"curvature": 0.0, "path_length": 0.0, "smoothness": 0.0, "planning_time": 0.0}, "SST": {"curvature": 3.2168242687898743, "path_length": 28.335655087375603, "smoothness": 782.7956062458621, "planning_time": 0.00046348021079586476}, "Theta*": {"curvature": 3.580080512001959, "path_length": 77.33197291166951, "smoothness": 797.7714657392286, "planning_time": 1.2727922061355864e-05}, "kBITstar": {"curvature": 8.867646692777159e-11, "path_length": 5.930032180601165, "smoothness": 537.3942018570848, "planning_time": 0.0016571330259819448}}