{"0": {"BFMT": {"curvature": 0.25000000000008904, "path_length": 11.441579148510213, "smoothness": 40071.68655638623, "planning_time": 0.310739663}, "CForest": {"curvature": 6.402874261549834, "path_length": 12.5346793099612, "smoothness": 31911.008237369693, "planning_time": 0.003867651}, "EST": {"curvature": 6.449567166311909, "path_length": 23.32005871963301, "smoothness": 41740.7264507591, "planning_time": 0.010792058}, "FMT": {"curvature": 0.38035422582926554, "path_length": 11.04210859292573, "smoothness": 13587.242446256989, "planning_time": 0.918830681}, "InformedRRTstar": {"curvature": 6.590581732207378, "path_length": 18.82785398134229, "smoothness": 13470.144169095114, "planning_time": 0.005495631}, "KPIECE1": {"curvature": 3.365558188413376, "path_length": 20.31501900043458, "smoothness": 98610.33549795079, "planning_time": 0.004853104}, "PRMstar": {"curvature": 6.324460370717777, "path_length": 34.023587354281844, "smoothness": 2306.1010970759867, "planning_time": 0.00571986}, "RRT": {"curvature": 6.585979404273872, "path_length": 18.874984910516652, "smoothness": 8540.880089720546, "planning_time": 0.003544764}, "RRT#": {"curvature": 6.502217237217423, "path_length": 13.968582864351184, "smoothness": 51240.452563212864, "planning_time": 0.01649165}, "RRTstar": {"curvature": 6.285439462730506, "path_length": 15.11047969660865, "smoothness": 43642.752229778496, "planning_time": 0.013477863}, "SBL": {"curvature": 6.547629352473442, "path_length": 23.37122111246507, "smoothness": 7.179717542465451e-09, "planning_time": 0.002909325}, "SORRTstar": {"curvature": 0.250000000000276, "path_length": 12.159218955388194, "smoothness": 699198.6690414496, "planning_time": 0.019838555}, "SST": {"curvature": 0.8098552039762943, "path_length": 13.044711827550598, "smoothness": 13583.69051816242, "planning_time": 0.002551843}, "STRIDE": {"curvature": 6.084838934135647, "path_length": 36.48701548578127, "smoothness": 36.223711605382476, "planning_time": 0.018466041}, "Theta*": {"curvature": null, "path_length": null, "smoothness": null, "planning_time": null}, "kBITstar": {"curvature": 6.502664634434485, "path_length": 14.828968662696797, "smoothness": 189725.12860909104, "planning_time": 0.012746409}}, "1": {"BFMT": {"curvature": null, "path_length": null, "smoothness": null, "planning_time": null}, "CForest": {"curvature": 0.2500000000002797, "path_length": 11.649206159173849, "smoothness": 6.933269347623576e-06, "planning_time": 0.021913042}, "EST": {"curvature": 0.25000000000006756, "path_length": 11.491630111652555, "smoothness": 1.657075666733268e-05, "planning_time": 0.017191813}, "FMT": {"curvature": 0.25000000000016165, "path_length": 10.873833026242426, "smoothness": 3.477477189985561e-06, "planning_time": 1.819577023}, "InformedRRTstar": {"curvature": 0.25000000000468603, "path_length": 65.41260030764849, "smoothness": 0.0016628225329492466, "planning_time": 0.705545088}, "KPIECE1": {"curvature": 0.25000000000762396, "path_length": 85.02314771246958, "smoothness": 0.015822844832651298, "planning_time": 0.020901803}, "PRMstar": {"curvature": 0.25000000000098316, "path_length": 41.699865063376265, "smoothness": 0.04953258326912936, "planning_time": 0.431024215}, "RRT": {"curvature": 0.2500000000001924, "path_length": 52.89478326757359, "smoothness": 6.023197302892929e-08, "planning_time": 0.149813558}, "RRT#": {"curvature": 0.2500000000004027, "path_length": 40.49665780263969, "smoothness": 0.03221223541195755, "planning_time": 0.4435772}, "RRTstar": {"curvature": 0.2500000000001066, "path_length": 12.30583136232275, "smoothness": 10.611499185421131, "planning_time": 0.080815334}, "SBL": {"curvature": null, "path_length": null, "smoothness": null, "planning_time": null}, "SORRTstar": {"curvature": 0.25000000000019346, "path_length": 10.957299564071448, "smoothness": 6.216398273546428e-06, "planning_time": 0.40721529}, "SST": {"curvature": 0.2500000000038661, "path_length": 47.883191623270115, "smoothness": 0.06711856479682442, "planning_time": 0.090961776}, "STRIDE": {"curvature": 0.2500000000000818, "path_length": 11.081572945331349, "smoothness": 1.5500750590477579e-06, "planning_time": 0.774954207}, "Theta*": {"curvature": null, "path_length": null, "smoothness": null, "planning_time": null}, "kBITstar": {"curvature": 0.2500000000022462, "path_length": 47.13544115442405, "smoothness": 0.016043183737637315, "planning_time": 0.036065458}}, "2": {"BFMT": {"curvature": null, "path_length": null, "smoothness": null, "planning_time": null}, "CForest": {"curvature": 0.3701564821271436, "path_length": 0.16264600475334212, "smoothness": 0.0, "planning_time": 0.004605456}, "EST": {"curvature": 0.5502250560906085, "path_length": 0.06929112733574631, "smoothness": 0.0, "planning_time": 0.000928473}, "FMT": {"curvature": null, "path_length": null, "smoothness": null, "planning_time": 0.553213127}, "InformedRRTstar": {"curvature": 0.24129129365820864, "path_length": 0.2630400091975753, "smoothness": 712782.8185471415, "planning_time": 0.003385231}, "KPIECE1": {"curvature": 0.8505108063083114, "path_length": 0.06365309891774293, "smoothness": 0.0, "planning_time": 0.000956255}, "PRMstar": {"curvature": 4.471156385096045, "path_length": 0.4167464929247559, "smoothness": 48508493.024835974, "planning_time": 1.287088591}, "RRT": {"curvature": 0.5184453193872005, "path_length": 0.2731993448406977, "smoothness": 1259753.5806828837, "planning_time": 0.003655213}, "RRT#": {"curvature": 0.3627410992488926, "path_length": 0.2065226964258849, "smoothness": 0.0, "planning_time": 0.012979346}, "RRTstar": {"curvature": 0.4414970874259862, "path_length": 0.21950860437066594, "smoothness": 0.0, "planning_time": 0.003234472}, "SBL": {"curvature": 5.233809978089139, "path_length": 0.4678093395882364, "smoothness": 31046341.88420547, "planning_time": 0.092432027}, "SORRTstar": {"curvature": 0.36308468536271316, "path_length": 0.41808625479660405, "smoothness": 8232571.705023528, "planning_time": 0.075956056}, "SST": {"curvature": null, "path_length": null, "smoothness": null, "planning_time": null}, "STRIDE": {"curvature": 0.45540215220201613, "path_length": 0.030976959476029332, "smoothness": 0.0, "planning_time": 0.000432963}, "Theta*": {"curvature": null, "path_length": null, "smoothness": null, "planning_time": null}, "kBITstar": {"curvature": 5.350054668691043, "path_length": 0.6792429825222862, "smoothness": 151756664.53612247, "planning_time": 0.82178119}}, "3": {}, "4": {}, "5": {}, "6": {"BFMT": {"curvature": null, "path_length": null, "smoothness": null, "planning_time": null}, "CForest": {"curvature": 6.316134251863395, "path_length": 777.0902303106355, "smoothness": 21187.26948702895, "planning_time": 15.156084764}, "EST": {"curvature": 3.6151111520419716, "path_length": 4637.221820946662, "smoothness": 2889.7750983255546, "planning_time": 15.007376078}, "FMT": {"curvature": null, "path_length": null, "smoothness": null, "planning_time": null}, "InformedRRTstar": {"curvature": 5.69835676029638, "path_length": 1879.2190711197325, "smoothness": 16729.025481387293, "planning_time": 15.034853247}, "KPIECE1": {"curvature": 6.072520105675288, "path_length": 2361.809819986924, "smoothness": 1116.7694766790105, "planning_time": 15.073442192}, "PRMstar": {"curvature": 6.180351520672939, "path_length": 1991.4595757759002, "smoothness": 959.1836874219889, "planning_time": 3.361997009}, "RRT": {"curvature": 0.10600583611494122, "path_length": 362.1253471193775, "smoothness": 63968.23054691784, "planning_time": 15.023528868}, "RRT#": {"curvature": 0.5198509168478095, "path_length": 692.518128155917, "smoothness": 97456.23933268384, "planning_time": 15.003837768}, "RRTstar": {"curvature": 5.6847147543529175, "path_length": 772.1952460559465, "smoothness": 23985.288358170426, "planning_time": 15.04936462}, "SBL": {"curvature": null, "path_length": null, "smoothness": null, "planning_time": null}, "SORRTstar": {"curvature": 0.01598512265293879, "path_length": 68.4268699555931,