{
  "settings": {
    "auto_choose_distance_computation_method": true,
    "benchmark": {
      "log_file": "corridor_radius_4.json",
      "moving_ai": {
        "active": false,
        "end": -1,
        "scenario": "Berlin_0_256.map.scen",
        "start": -10
      },
      "planning": {
        "bfmt": true,
        "bit_star": true,
        "cforest": true,
        "est": true,
        "fmt": true,
        "informed_rrt_star": true,
        "kpiece": true,
        "pdst": true,
        "prm": true,
        "prm_star": true,
        "rrt": true,
        "rrt_sharp": true,
        "rrt_star": true,
        "sbl": false,
        "sbpl_adstar": true,
        "sbpl_anastar": false,
        "sbpl_arastar": true,
        "sbpl_lazy_ara": false,
        "sbpl_mha": true,
        "sorrt_star": true,
        "spars2": true,
        "sparse": true,
        "sst": true,
        "stride": false,
        "theta_star": true
      },
      "runs": 5,
      "smoothing": {
        "chomp": false,
        "grips": true,
        "ompl_bspline": true,
        "ompl_shortcut": true,
        "ompl_simplify_max": true
      },
      "steer_functions": [
        0,
        1
      ]
    },
    "cusp_angle_threshold": 1.0471975511965976,
    "distance_computation_method": 0,
    "env": {
      "collision": {
        "collision_model": 1,
        "robot_shape": [
          [
            1.6776394214876036,
            -1.1064549586776877
          ],
          [
            -2.0131673966942145,
            -1.1064549586776877
          ],
          [
            -2.1229446694214875,
            -1.0644999586776875
          ],
          [
            -2.2124005785123964,
            -0.9499481404958694
          ],
          [
            -2.2726155785123963,
            -0.7797685950413235
          ],
          [
            -2.294670123966942,
            -0.5709308677685967
          ],
          [
            -2.294670123966942,
            0.7922218595041308
          ],
          [
            -2.2726155785123963,
            1.0010595867768584
          ],
          [
            -2.2124005785123964,
            1.1712391322314037
          ],
          [
            -2.1229446694214875,
            1.2857909504132217
          ],
          [
            -2.0131673966942145,
            1.3277459504132219
          ],
          [
            1.6776394214876036,
            1.3277459504132219
          ],
          [
            1.7874166942148761,
            1.2857909504132217
          ],
          [
            1.87687305785124,
            1.1712391322314037
          ],
          [
            1.93708805785124,
            1.0010595867768584
          ],
          [
            1.9591416942148765,
            0.7922218595041308
          ],
          [
            1.9591416942148765,
            -0.5709308677685967
          ],
          [
            1.93708805785124,
            -0.7797685950413235
          ],
          [
            1.87687305785124,
            -0.9499481404958694
          ],
          [
            1.7874166942148761,
            -1.0644999586776875
          ],
          [
            1.6776394214876036,
            -1.1064549586776877
          ],
          [
            1.6776394214876036,
            -1.1064549586776877
          ]
        ],
        "robot_shape_source": "polygon_mazes/car.svg"
      },
      "goal": {
        "theta": 0.0,
        "x": 88.0,
        "y": 82.0
      },
      "grid": {
        "corridor": {
          "branches": 50,
          "radius": 4.0
        },
        "generator": "corridor",
        "height": 100,
        "random": {
          "obstacle_ratio": 0.1
        },
        "seed": 1,
        "width": 100
      },
      "polygon": {
        "scaling": 0.045454545454545456,
        "source": "polygon_mazes/parking1.svg"
      },
      "start": {
        "theta": 2.4492935982947064e-16,
        "x": 5.0,
        "y": 9.0
      },
      "type": "grid"
    },
    "estimate_theta": false,
    "evaluate_clearing": true,
    "exact_goal_radius": 0.01,
    "fast_odf_threshold": 10000,
    "interpolation_limit": 1000,
    "log_env_distances": false,
    "max_path_length": 10000.0,
    "max_planning_time": 15.0,
    "ompl": {
      "cost_threshold": 100.0,
      "rrt_star": {
        "goal_bias": 0.05,
        "max_distance": 0.0
      },
      "seed": 1,
      "state_equality_tolerance": 0.0001
    },
    "sbpl": {
      "fordward_velocity": 0.2,
      "goal_tolerance_theta": 6.283185307179586,
      "goal_tolerance_x": 1.0,
      "goal_tolerance_y": 1.0,
      "initial_solution_eps": 3.0,
      "motion_primitive_filename": "./sbpl_mprim/unicycle_0.25.mprim",
      "num_theta_dirs": 16,
      "resolution": 0.25,
      "scaling": 8.0,
      "search_until_first_solution": false,
      "time_to_turn_45_degs_in_place": 0.6
    },
    "smoothing": {
      "chomp": {
        "alpha": 0.05,
        "epsilon": 4.0,
        "error_tolerance": 1e-06,
        "gamma": 0.8,
        "max_iterations": 1500,
        "nodes": 100,
        "objective_type": 0
      },
      "grips": {
        "eta": 0.5,
        "eta_discount": 0.8,
        "gradient_descent_rounds": 5,
        "max_pruning_rounds": 100,
        "min_node_distance": 3.0
      },
      "ompl": {
        "bspline_epsilon": 0.005,
        "bspline_max_steps": 5,
        "shortcut_max_empty_steps": 0,
        "shortcut_max_steps": 0,
        "shortcut_range_ratio": 0.33,
        "shortcut_snap_to_vertex": 0.005
      }
    },
    "steer": {
      "car_turning_radius": 4.0,
      "hc_cc": {
        "kappa": 5.0,
        "sigma": 0.315
      },
      "posq": {
        "alpha": 3.0,
        "axis_length": 0.54,
        "dt": 0.1,
        "phi": -1.0,
        "rho": 1.0,
        "rho_end_condition": 0.005,
        "v": 1.0,
        "v_max": 1.0
      },
      "sampling_resolution": 0.005,
      "steering_type": 0
    },
    "theta_star": {
      "number_edges": 10
    }
  }
}